{"results": {"basic_benchmarks.BasicBenchmark.time_solve_model": {"result": [0.9373850574999665], "stats": [{"ci_99": [0.894310288000014, 1.0059882369999968], "q_25": 0.9277330915000022, "q_75": 0.9469583755000386, "min": 0.894310288000014, "max": 1.0059882369999968, "mean": 0.9391133664000051, "std": 0.029003675529456353, "repeat": 10, "number": 1}]}, "basic_benchmarks.LargePack.time_discharge_1cpu": {"result": [10.643847564500007], "stats": [{"ci_99": [0.18689198950032448, 21.100803139499682], "q_25": 10.53927800875001, "q_75": 10.748417120250004, "min": 10.434708453000013, "max": 10.852986676, "mean": 10.643847564500007, "std": 0.20913911149999365, "repeat": 2, "number": 1}]}, "basic_benchmarks.LargePack.time_discharge_2cpu": {"result": [6.376904267500038], "stats": [{"ci_99": [2.5221928924987083, 10.231615642501364], "q_25": 6.3383571537500245, "q_75": 6.415451381250051, "min": 6.299810040000011, "max": 6.453998495000064, "mean": 6.376904267500038, "std": 0.07709422750002659, "repeat": 2, "number": 1}]}, "basic_benchmarks.LargePack.time_long_cycle_2cpu": null, "basic_benchmarks.MediumPack.time_discharge_1cpu": {"result": [6.301032497500046], "stats": [{"ci_99": [1.4991306725012237, 11.102934322498864], "q_25": 6.253013479250058, "q_75": 6.349051515750034, "min": 6.204994461000069, "max": 6.397070534000022, "mean": 6.301032497500046, "std": 0.09603803649997644, "repeat": 2, "number": 1}]}, "basic_benchmarks.MediumPack.time_discharge_2cpu": {"result": [4.170537889999991], "stats": [{"ci_99": [4.047634939541561, 4.335715508458426], "q_25": 4.148766322749964, "q_75": 4.213446791250021, "min": 4.144671765999988, "max": 4.280953350000004, "mean": 4.191675223999994, "std": 0.054558112727331305, "repeat": 4, "number": 1}]}, "basic_benchmarks.SmallPack.time_discharge_1cpu": {"result": [1.8172233180000603], "stats": [{"ci_99": [1.7712147160000313, 1.8750665899999603], "q_25": 1.7941850927500411, "q_75": 1.843466194499996, "min": 1.7712147160000313, "max": 1.8750665899999603, "mean": 1.820927282900027, "std": 0.03241963079711171, "repeat": 10, "number": 1}]}, "basic_benchmarks.SmallPack.time_discharge_2cpu": {"result": [1.8154848070000185], "stats": [{"ci_99": [1.7924604959999897, 1.87129865899999], "q_25": 1.8093421762500554, "q_75": 1.8500453535000076, "min": 1.7924604959999897, "max": 1.87129865899999, "mean": 1.8273624003999998, "std": 0.02745203909864043, "repeat": 10, "number": 1}]}, "benchmarks.TimeSuite.time_iterkeys": null, "benchmarks.TimeSuite.time_keys": {"result": [5.590663877975977e-06], "stats": [{"ci_99": [4.961276574854185e-06, 6.437080708647546e-06], "q_25": 5.471518454733762e-06, "q_75": 5.682716904524663e-06, "min": 4.961276574854185e-06, "max": 6.437080708647546e-06, "mean": 5.635511663393442e-06, "std": 3.9418672235110334e-07, "repeat": 10, "number": 2032}]}, "benchmarks.TimeSuite.time_range": {"result": [2.689708583684595e-05], "stats": [{"ci_99": [2.378996995710138e-05, 2.8092809012902993e-05], "q_25": 2.5571963519399327e-05, "q_75": 2.7392154506517926e-05, "min": 2.378996995710138e-05, "max": 2.8092809012902993e-05, "mean": 2.642105042918137e-05, "std": 1.3581881202054746e-06, "repeat": 10, "number": 466}]}, "benchmarks.MemSuite.mem_list": 2104}, "params": {"machine": "GitHubRunner", "python": "3.8"}, "requirements": {}, "commit_hash": "14325d1696261a65fca9497904c634c51f60fb3f", "date": 1639411095000, "env_name": "virtualenv-py3.8", "python": "3.8", "profiles": {}, "started_at": {"basic_benchmarks.BasicBenchmark.time_solve_model": 1639452254496, "basic_benchmarks.LargePack.time_discharge_1cpu": 1639452262557, "basic_benchmarks.LargePack.time_discharge_2cpu": 1639452284982, "basic_benchmarks.LargePack.time_long_cycle_2cpu": 1639451595805, "basic_benchmarks.MediumPack.time_discharge_1cpu": 1639452298573, "basic_benchmarks.MediumPack.time_discharge_2cpu": 1639452311868, "basic_benchmarks.SmallPack.time_discharge_1cpu": 1639452325114, "basic_benchmarks.SmallPack.time_discharge_2cpu": 1639452336904, "benchmarks.TimeSuite.time_iterkeys": 1639452254021, "benchmarks.TimeSuite.time_keys": 1639452348850, "benchmarks.TimeSuite.time_range": 1639452349056, "benchmarks.MemSuite.mem_list": 1639452348693}, "ended_at": {"basic_benchmarks.BasicBenchmark.time_solve_model": 1639452262548, "basic_benchmarks.LargePack.time_discharge_1cpu": 1639452284981, "basic_benchmarks.LargePack.time_discharge_2cpu": 1639452298573, "basic_benchmarks.LargePack.time_long_cycle_2cpu": 1639452196873, "basic_benchmarks.MediumPack.time_discharge_1cpu": 1639452311867, "basic_benchmarks.MediumPack.time_discharge_2cpu": 1639452325114, "basic_benchmarks.SmallPack.time_discharge_1cpu": 1639452336904, "basic_benchmarks.SmallPack.time_discharge_2cpu": 1639452348693, "benchmarks.TimeSuite.time_iterkeys": 1639452254077, "benchmarks.TimeSuite.time_keys": 1639452349056, "benchmarks.TimeSuite.time_range": 1639452349262, "benchmarks.MemSuite.mem_list": 1639452348849}, "benchmark_version": {"basic_benchmarks.BasicBenchmark.time_solve_model": "21dc88971553291c844a81300eeac2ae53f86ef7781bdb26086d1d57d88c8cec", "basic_benchmarks.LargePack.time_discharge_1cpu": "5a2756f3bebd1d0e37e074eb74a0bca10c9ce960ed21316ad26e9583a10353f8", "basic_benchmarks.LargePack.time_discharge_2cpu": "f19047f1071beb2e16eb288e9a2cb14f4b91fca1dd10a3dbe5c68078a908886d", "basic_benchmarks.LargePack.time_long_cycle_2cpu": "886173c7f314c25dcd319de5a644065b170ce4fe889082fb1ebcead737f35d99", "basic_benchmarks.MediumPack.time_discharge_1cpu": "b8aa492ab12a8aba37625a5c0deae1c109def02877ec79681d996a7f77cc595c", "basic_benchmarks.MediumPack.time_discharge_2cpu": "850ba37f55027bfd05992888284a51f0f34d93dcdd99053c957faf34e763a327", "basic_benchmarks.SmallPack.time_discharge_1cpu": "07ba66cea19ff93b549ef21d8e3a0e9282b00d59822764eb1b4ac75f74a0d9c9", "basic_benchmarks.SmallPack.time_discharge_2cpu": "7d2cd2d77443c50c3db4ed879be8a6cc5ece070ec744f5ce5778304a5f2f1f27", "benchmarks.TimeSuite.time_iterkeys": "435552618e257984493fe7ec8599f14feace6164fd38fd5e52ba908e16460dc7", "benchmarks.TimeSuite.time_keys": "a8700d8a3cfd71fbba4d1369e0ddffef01717c428b7bea4cc829c5a1a0243ac0", "benchmarks.TimeSuite.time_range": "72a6802b5ba2270cc4af88ddbd67e3c44fe4f4c8b292257438a394167fbb158b", "benchmarks.MemSuite.mem_list": "abe86bab484550a681c61d7bb6eb081fbd37eb6d5009eba1df85c935530577b9"}, "version": 1}