{"results": {"basic_benchmarks.BasicBenchmark.time_solve_model": null, "basic_benchmarks.LargePack.time_discharge_1cpu": null, "basic_benchmarks.LargePack.time_discharge_2cpu": null, "basic_benchmarks.LargePack.time_long_cycle_2cpu": null, "basic_benchmarks.MediumPack.time_discharge_1cpu": {"result": [5.1990333575000705], "stats": [{"ci_99": [4.757197782496746, 5.640868932503395], "q_25": 5.194615001750037, "q_75": 5.203451713250104, "min": 5.190196646000004, "max": 5.207870069000137, "mean": 5.1990333575000705, "std": 0.008836711500066485, "repeat": 2, "number": 1}]}, "basic_benchmarks.MediumPack.time_discharge_2cpu": {"result": [3.6580532179999636], "stats": [{"ci_99": [3.640357163306764, 3.6746230456931768], "q_25": 3.652882587499903, "q_75": 3.6626607350000313, "min": 3.6496351339999364, "max": 3.6642188480000186, "mean": 3.6574901044999706, "std": 0.005937941977432122, "repeat": 4, "number": 1}]}, "basic_benchmarks.SmallPack.time_discharge_1cpu": {"result": [1.4189494754999714], "stats": [{"ci_99": [1.4154628159999447, 1.481312275999926], "q_25": 1.4183025557499604, "q_75": 1.4448683409999035, "min": 1.4154628159999447, "max": 1.481312275999926, "mean": 1.433370136499957, "std": 0.02380826352974217, "repeat": 10, "number": 1}]}, "basic_benchmarks.SmallPack.time_discharge_2cpu": {"result": [1.4641628725000828], "stats": [{"ci_99": [1.4252193300001181, 1.4911475069998232], "q_25": 1.4310365585000113, "q_75": 1.485029987249959, "min": 1.4252193300001181, "max": 1.4911475069998232, "mean": 1.4593065089999981, "std": 0.02566399647910213, "repeat": 10, "number": 1}]}, "benchmarks.TimeSuite.time_iterkeys": null, "benchmarks.TimeSuite.time_keys": {"result": [6.604485671680356e-06], "stats": [{"ci_99": [6.573293134378992e-06, 6.843630447686187e-06], "q_25": 6.597203134279242e-06, "q_75": 6.633440895453912e-06, "min": 6.573293134378992e-06, "max": 6.843630447686187e-06, "mean": 6.6364749253631056e-06, "std": 7.538893849376764e-08, "repeat": 10, "number": 1675}]}, "benchmarks.TimeSuite.time_range": {"result": [3.1238679878312016e-05], "stats": [{"ci_99": [3.0450990853368482e-05, 4.144741158545069e-05], "q_25": 3.066768978637755e-05, "q_75": 3.173266920732076e-05, "min": 3.0450990853368482e-05, "max": 4.144741158545069e-05, "mean": 3.216938109751593e-05, "std": 3.131659723371202e-06, "repeat": 10, "number": 328}]}, "benchmarks.MemSuite.mem_list": 2104}, "params": {"machine": "GitHubRunner", "python": "3.8"}, "requirements": {}, "commit_hash": "1e40870d4fb06567598a2748074384cbdbbb3892", "date": 1637825585000, "env_name": "virtualenv-py3.8", "python": "3.8", "profiles": {}, "started_at": {"basic_benchmarks.BasicBenchmark.time_solve_model": 1638793011979, "basic_benchmarks.LargePack.time_discharge_1cpu": 1638793012488, "basic_benchmarks.LargePack.time_discharge_2cpu": 1638793072691, "basic_benchmarks.LargePack.time_long_cycle_2cpu": 1638793132862, "basic_benchmarks.MediumPack.time_discharge_1cpu": 1638793234811, "basic_benchmarks.MediumPack.time_discharge_2cpu": 1638793245857, "basic_benchmarks.SmallPack.time_discharge_1cpu": 1638793257443, "basic_benchmarks.SmallPack.time_discharge_2cpu": 1638793266783, "benchmarks.TimeSuite.time_iterkeys": 1638793234338, "benchmarks.TimeSuite.time_keys": 1638793276480, "benchmarks.TimeSuite.time_range": 1638793276686, "benchmarks.MemSuite.mem_list": 1638793276424}, "ended_at": {"basic_benchmarks.BasicBenchmark.time_solve_model": 1638793012488, "basic_benchmarks.LargePack.time_discharge_1cpu": 1638793072691, "basic_benchmarks.LargePack.time_discharge_2cpu": 1638793132862, "basic_benchmarks.LargePack.time_long_cycle_2cpu": 1638793193030, "basic_benchmarks.MediumPack.time_discharge_1cpu": 1638793245857, "basic_benchmarks.MediumPack.time_discharge_2cpu": 1638793257442, "basic_benchmarks.SmallPack.time_discharge_1cpu": 1638793266782, "basic_benchmarks.SmallPack.time_discharge_2cpu": 1638793276423, "benchmarks.TimeSuite.time_iterkeys": 1638793234395, "benchmarks.TimeSuite.time_keys": 1638793276686, "benchmarks.TimeSuite.time_range": 1638793276892, "benchmarks.MemSuite.mem_list": 1638793276480}, "benchmark_version": {"basic_benchmarks.BasicBenchmark.time_solve_model": "504d1f6b7a47e6a660b9f73cea8cc8755e90bab404fe1be253da58b7c159f516", "basic_benchmarks.LargePack.time_discharge_1cpu": "f3c41752a78e553a10027f99091a6c7868bbb9cab79f64c458e1828027e5c36f", "basic_benchmarks.LargePack.time_discharge_2cpu": "037d50fea56607a6935651800e2ff9f0269cc084d5ac011f66f85382393ac9c9", "basic_benchmarks.LargePack.time_long_cycle_2cpu": "b01e3ade1db86867f2cd6769a78ee369d45d9f39ff9dce3e4c1d80a18796baaf", "basic_benchmarks.MediumPack.time_discharge_1cpu": "dba4570cb5ee39ec4ed717647dd1ffe9576286d811caefee873f114b3cbf2df9", "basic_benchmarks.MediumPack.time_discharge_2cpu": "ac21f1bc2133031222024e9b339973be7cd91c466140c0555b87b9ccb2b42b56", "basic_benchmarks.SmallPack.time_discharge_1cpu": "9823f59045a18884750c1c965a9b2e3e4a3e9f3f9a6ad9a840e20842f63b12b8", "basic_benchmarks.SmallPack.time_discharge_2cpu": "d216b7644b6678700b4d910ff6b0d6b025b0a433c6aff8194ab71aea22d15c73", "benchmarks.TimeSuite.time_iterkeys": "435552618e257984493fe7ec8599f14feace6164fd38fd5e52ba908e16460dc7", "benchmarks.TimeSuite.time_keys": "a8700d8a3cfd71fbba4d1369e0ddffef01717c428b7bea4cc829c5a1a0243ac0", "benchmarks.TimeSuite.time_range": "72a6802b5ba2270cc4af88ddbd67e3c44fe4f4c8b292257438a394167fbb158b", "benchmarks.MemSuite.mem_list": "abe86bab484550a681c61d7bb6eb081fbd37eb6d5009eba1df85c935530577b9"}, "version": 1}