{"results": {"basic_benchmarks.BasicBenchmark.time_solve_model": {"result": [0.6386939105000238], "stats": [{"ci_99": [0.6267140949998975, 0.6422608100001526], "q_25": 0.6301888677498937, "q_75": 0.6402566110001544, "min": 0.6267140949998975, "max": 0.6422608100001526, "mean": 0.6355824238000423, "std": 0.005763657809089455, "repeat": 10, "number": 1}]}, "basic_benchmarks.LargePack.time_discharge_1cpu": {"result": [7.67272587399998], "stats": [{"ci_99": [7.371190873994465, 7.974260874005495], "q_25": 7.669710523999925, "q_75": 7.675741224000035, "min": 7.666695173999869, "max": 7.67875657400009, "mean": 7.67272587399998, "std": 0.006030700000110301, "repeat": 2, "number": 1}]}, "basic_benchmarks.LargePack.time_discharge_2cpu": {"result": [4.9574593889999505], "stats": [{"ci_99": [0.6840654390045984, 9.2308533389953], "q_25": 4.914725449499997, "q_75": 5.000193328499904, "min": 4.8719915100000435, "max": 5.042927267999858, "mean": 4.9574593889999505, "std": 0.08546787899990704, "repeat": 2, "number": 1}]}, "basic_benchmarks.LargePack.time_long_cycle_2cpu": null, "basic_benchmarks.MediumPack.time_discharge_1cpu": {"result": [4.455044068499774], "stats": [{"ci_99": [4.431291674464353, 4.481740963535424], "q_25": 4.452211129749799, "q_75": 4.459349257749864, "min": 4.444622085999981, "max": 4.471355053000025, "mean": 4.456516318999888, "std": 0.009567912241911974, "repeat": 4, "number": 1}]}, "basic_benchmarks.MediumPack.time_discharge_2cpu": {"result": [3.0914188970000396], "stats": [{"ci_99": [3.074082454243268, 3.114008342089931], "q_25": 3.085518688249749, "q_75": 3.105193632500118, "min": 3.078073484000015, "max": 3.110023947999707, "mean": 3.0940453981665996, "std": 0.011885989081215787, "repeat": 6, "number": 1}]}, "basic_benchmarks.SmallPack.time_discharge_1cpu": {"result": [1.223057530999995], "stats": [{"ci_99": [1.2200008059999163, 1.2303033739999591], "q_25": 1.2217878782498701, "q_75": 1.2268429382497743, "min": 1.2200008059999163, "max": 1.2303033739999591, "mean": 1.2240883670999665, "std": 0.003359677851401636, "repeat": 10, "number": 1}]}, "basic_benchmarks.SmallPack.time_discharge_2cpu": {"result": [1.2267611674999443], "stats": [{"ci_99": [1.2186529990003692, 1.2386818989998574], "q_25": 1.2227308527498053, "q_75": 1.2333718747499915, "min": 1.2186529990003692, "max": 1.2386818989998574, "mean": 1.2276828492000278, "std": 0.0071082456362750335, "repeat": 10, "number": 1}]}, "benchmarks.TimeSuite.time_iterkeys": null, "benchmarks.TimeSuite.time_keys": {"result": [5.21985264737753e-06], "stats": [{"ci_99": [5.153568431601266e-06, 5.439186313790149e-06], "q_25": 5.168903096834749e-06, "q_75": 5.2664940060165205e-06, "min": 5.153568431601266e-06, "max": 5.439186313790149e-06, "mean": 5.2363664835311846e-06, "std": 8.412589570162702e-08, "repeat": 10, "number": 2002}]}, "benchmarks.TimeSuite.time_range": {"result": [2.416998233987016e-05], "stats": [{"ci_99": [2.4069430462778127e-05, 2.4341620308798765e-05], "q_25": 2.414525827827301e-05, "q_75": 2.421849282572559e-05, "min": 2.4069430462778127e-05, "max": 2.4341620308798765e-05, "mean": 2.418958609270892e-05, "std": 7.327027841297095e-08, "repeat": 10, "number": 453}]}, "benchmarks.MemSuite.mem_list": 2104}, "params": {"machine": "GitHubRunner", "python": "3.8"}, "requirements": {}, "commit_hash": "1e40870d4fb06567598a2748074384cbdbbb3892", "date": 1637825585000, "env_name": "virtualenv-py3.8", "python": "3.8", "profiles": {}, "started_at": {"basic_benchmarks.BasicBenchmark.time_solve_model": 1638809839105, "basic_benchmarks.LargePack.time_discharge_1cpu": 1638809844686, "basic_benchmarks.LargePack.time_discharge_2cpu": 1638809860847, "basic_benchmarks.LargePack.time_long_cycle_2cpu": 1638809189896, "basic_benchmarks.MediumPack.time_discharge_1cpu": 1638809871682, "basic_benchmarks.MediumPack.time_discharge_2cpu": 1638809885789, "basic_benchmarks.SmallPack.time_discharge_1cpu": 1638809898980, "basic_benchmarks.SmallPack.time_discharge_2cpu": 1638809907165, "benchmarks.TimeSuite.time_iterkeys": 1638809838638, "benchmarks.TimeSuite.time_keys": 1638809915453, "benchmarks.TimeSuite.time_range": 1638809915659, "benchmarks.MemSuite.mem_list": 1638809915347}, "ended_at": {"basic_benchmarks.BasicBenchmark.time_solve_model": 1638809844684, "basic_benchmarks.LargePack.time_discharge_1cpu": 1638809860846, "basic_benchmarks.LargePack.time_discharge_2cpu": 1638809871682, "basic_benchmarks.LargePack.time_long_cycle_2cpu": 1638809790816, "basic_benchmarks.MediumPack.time_discharge_1cpu": 1638809885788, "basic_benchmarks.MediumPack.time_discharge_2cpu": 1638809898980, "basic_benchmarks.SmallPack.time_discharge_1cpu": 1638809907164, "basic_benchmarks.SmallPack.time_discharge_2cpu": 1638809915347, "benchmarks.TimeSuite.time_iterkeys": 1638809838692, "benchmarks.TimeSuite.time_keys": 1638809915659, "benchmarks.TimeSuite.time_range": 1638809915865, "benchmarks.MemSuite.mem_list": 1638809915453}, "benchmark_version": {"basic_benchmarks.BasicBenchmark.time_solve_model": "21dc88971553291c844a81300eeac2ae53f86ef7781bdb26086d1d57d88c8cec", "basic_benchmarks.LargePack.time_discharge_1cpu": "5a2756f3bebd1d0e37e074eb74a0bca10c9ce960ed21316ad26e9583a10353f8", "basic_benchmarks.LargePack.time_discharge_2cpu": "f19047f1071beb2e16eb288e9a2cb14f4b91fca1dd10a3dbe5c68078a908886d", "basic_benchmarks.LargePack.time_long_cycle_2cpu": "886173c7f314c25dcd319de5a644065b170ce4fe889082fb1ebcead737f35d99", "basic_benchmarks.MediumPack.time_discharge_1cpu": "b8aa492ab12a8aba37625a5c0deae1c109def02877ec79681d996a7f77cc595c", "basic_benchmarks.MediumPack.time_discharge_2cpu": "850ba37f55027bfd05992888284a51f0f34d93dcdd99053c957faf34e763a327", "basic_benchmarks.SmallPack.time_discharge_1cpu": "07ba66cea19ff93b549ef21d8e3a0e9282b00d59822764eb1b4ac75f74a0d9c9", "basic_benchmarks.SmallPack.time_discharge_2cpu": "7d2cd2d77443c50c3db4ed879be8a6cc5ece070ec744f5ce5778304a5f2f1f27", "benchmarks.TimeSuite.time_iterkeys": "435552618e257984493fe7ec8599f14feace6164fd38fd5e52ba908e16460dc7", "benchmarks.TimeSuite.time_keys": "a8700d8a3cfd71fbba4d1369e0ddffef01717c428b7bea4cc829c5a1a0243ac0", "benchmarks.TimeSuite.time_range": "72a6802b5ba2270cc4af88ddbd67e3c44fe4f4c8b292257438a394167fbb158b", "benchmarks.MemSuite.mem_list": "abe86bab484550a681c61d7bb6eb081fbd37eb6d5009eba1df85c935530577b9"}, "version": 1}