{"results": {"benchmarks.BasicBenchmark.time_solve_model": {"result": [0.36834811649999466], "stats": [{"ci_99": [0.3642048640000013, 0.3730265610000174], "q_25": 0.3656156002500026, "q_75": 0.37048226449996946, "min": 0.3642048640000013, "max": 0.3730265610000174, "mean": 0.36829422100000214, "std": 0.0029748512207939805, "repeat": 10, "number": 1}]}, "benchmarks.LargePack.time_discharge_1cpu": {"result": [7.387217073000002], "stats": [{"ci_99": [5.009693222999928, 9.764740923000074], "q_25": 7.3634418345000014, "q_75": 7.410992311500003, "min": 7.339666596000001, "max": 7.434767550000004, "mean": 7.387217073000002, "std": 0.04755047700000148, "repeat": 2, "number": 1}]}, "benchmarks.LargePack.time_discharge_2cpu": {"result": [4.263137643999997], "stats": [{"ci_99": [4.017622666793673, 4.558711957706348], "q_25": 4.200401685000017, "q_75": 4.35090327124999, "min": 4.198214550000017, "max": 4.4281794110000305, "mean": 4.28816731225001, "std": 0.09570471590496793, "repeat": 4, "number": 1}]}, "benchmarks.LargePack.time_long_cycle_2cpu": null, "benchmarks.MediumPack.time_discharge_1cpu": {"result": [3.8866882865000036], "stats": [{"ci_99": [3.359818155331412, 4.407797379668596], "q_25": 3.7093709445000087, "q_75": 4.061125109499997, "min": 3.695457738000016, "max": 4.066396758999986, "mean": 3.8838077675000022, "std": 0.17921185871129824, "repeat": 4, "number": 1}]}, "benchmarks.MediumPack.time_discharge_2cpu": {"result": [2.4723901689999934], "stats": [{"ci_99": [2.4541339543573915, 2.4933157603092644], "q_25": 2.4666119747499664, "q_75": 2.4820701999999955, "min": 2.455477674000008, "max": 2.4921083450000197, "mean": 2.473724857333328, "std": 0.012037186711206904, "repeat": 6, "number": 1}]}, "benchmarks.SmallPack.time_discharge_1cpu": {"result": [0.7566147929999829], "stats": [{"ci_99": [0.7511815579999848, 0.7599327059999723], "q_25": 0.7546553334999828, "q_75": 0.7581412877499787, "min": 0.7511815579999848, "max": 0.7599327059999723, "mean": 0.7562084991999825, "std": 0.002505954503352106, "repeat": 10, "number": 1}]}, "benchmarks.SmallPack.time_discharge_2cpu": {"result": [0.7672330119999629], "stats": [{"ci_99": [0.7641673790000141, 0.7695214799999803], "q_25": 0.7660791814999897, "q_75": 0.7679081302499924, "min": 0.7641673790000141, "max": 0.7695214799999803, "mean": 0.7669495166999922, "std": 0.0015488108160840886, "repeat": 10, "number": 1}]}}, "params": {"machine": "GitHubRunner", "python": "3.8"}, "requirements": {}, "commit_hash": "5f2b468f344b27ea4844b3fe0a1c71de42a1167b", "date": 1643990225000, "env_name": "virtualenv-py3.8", "python": "3.8", "profiles": {}, "started_at": {"benchmarks.BasicBenchmark.time_solve_model": 1644030976371, "benchmarks.LargePack.time_discharge_1cpu": 1644030979352, "benchmarks.LargePack.time_discharge_2cpu": 1644030994806, "benchmarks.LargePack.time_long_cycle_2cpu": 1644030708706, "benchmarks.MediumPack.time_discharge_1cpu": 1644031008544, "benchmarks.MediumPack.time_discharge_2cpu": 1644031021188, "benchmarks.SmallPack.time_discharge_1cpu": 1644031031466, "benchmarks.SmallPack.time_discharge_2cpu": 1644031036235}, "ended_at": {"benchmarks.BasicBenchmark.time_solve_model": 1644030979348, "benchmarks.LargePack.time_discharge_1cpu": 1644030994806, "benchmarks.LargePack.time_discharge_2cpu": 1644031008544, "benchmarks.LargePack.time_long_cycle_2cpu": 1644030943544, "benchmarks.MediumPack.time_discharge_1cpu": 1644031021187, "benchmarks.MediumPack.time_discharge_2cpu": 1644031031465, "benchmarks.SmallPack.time_discharge_1cpu": 1644031036235, "benchmarks.SmallPack.time_discharge_2cpu": 1644031041054}, "benchmark_version": {"benchmarks.BasicBenchmark.time_solve_model": "21dc88971553291c844a81300eeac2ae53f86ef7781bdb26086d1d57d88c8cec", "benchmarks.LargePack.time_discharge_1cpu": "5a2756f3bebd1d0e37e074eb74a0bca10c9ce960ed21316ad26e9583a10353f8", "benchmarks.LargePack.time_discharge_2cpu": "f19047f1071beb2e16eb288e9a2cb14f4b91fca1dd10a3dbe5c68078a908886d", "benchmarks.LargePack.time_long_cycle_2cpu": "886173c7f314c25dcd319de5a644065b170ce4fe889082fb1ebcead737f35d99", "benchmarks.MediumPack.time_discharge_1cpu": "b8aa492ab12a8aba37625a5c0deae1c109def02877ec79681d996a7f77cc595c", "benchmarks.MediumPack.time_discharge_2cpu": "850ba37f55027bfd05992888284a51f0f34d93dcdd99053c957faf34e763a327", "benchmarks.SmallPack.time_discharge_1cpu": "07ba66cea19ff93b549ef21d8e3a0e9282b00d59822764eb1b4ac75f74a0d9c9", "benchmarks.SmallPack.time_discharge_2cpu": "7d2cd2d77443c50c3db4ed879be8a6cc5ece070ec744f5ce5778304a5f2f1f27"}, "version": 1}