{"results": {"benchmarks.BasicBenchmark.time_solve_model": {"result": [0.809930758500002], "stats": [{"ci_99": [0.7874007330000268, 0.8609117480000066], "q_25": 0.8024207854999759, "q_75": 0.8240082925000536, "min": 0.7874007330000268, "max": 0.8609117480000066, "mean": 0.8160397781000086, "std": 0.02258130933988391, "repeat": 10, "number": 1}]}, "benchmarks.LargePack.time_discharge_1cpu": {"result": [9.037327387500028], "stats": [{"ci_99": [7.949460562498501, 10.125194212501555], "q_25": 9.026448719250013, "q_75": 9.048206055750043, "min": 9.015570050999997, "max": 9.059084724000058, "mean": 9.037327387500028, "std": 0.021757336500030533, "repeat": 2, "number": 1}]}, "benchmarks.LargePack.time_discharge_2cpu": {"result": [6.063466482000024], "stats": [{"ci_99": [5.297236232000557, 6.82969673199949], "q_25": 6.055804179500029, "q_75": 6.071128784500019, "min": 6.048141877000035, "max": 6.078791087000013, "mean": 6.063466482000024, "std": 0.015324604999989333, "repeat": 2, "number": 1}]}, "benchmarks.LargePack.time_long_cycle_2cpu": null, "benchmarks.MediumPack.time_discharge_1cpu": {"result": [5.504370350500039], "stats": [{"ci_99": [-9.541971574500167, 20.55071227550023], "q_25": 5.353906931250037, "q_75": 5.6548337697500415, "min": 5.203443512000035, "max": 5.8052971890000435, "mean": 5.504370350500039, "std": 0.3009268385000041, "repeat": 2, "number": 1}]}, "benchmarks.MediumPack.time_discharge_2cpu": {"result": [3.754402739999989], "stats": [{"ci_99": [3.6694162733354023, 3.856203719164624], "q_25": 3.73852873849998, "q_75": 3.778683997750022, "min": 3.7252843730000222, "max": 3.8171501320000516, "mean": 3.762809996250013, "std": 0.03451453966844918, "repeat": 4, "number": 1}]}, "benchmarks.SmallPack.time_discharge_1cpu": {"result": [1.423323140999969], "stats": [{"ci_99": [1.416953393999961, 1.6468388120000554], "q_25": 1.4206995164999796, "q_75": 1.6081660819999968, "min": 1.416953393999961, "max": 1.6468388120000554, "mean": 1.4991918023999915, "std": 0.09727400933017663, "repeat": 10, "number": 1}]}, "benchmarks.SmallPack.time_discharge_2cpu": {"result": [1.4499634064999896], "stats": [{"ci_99": [1.4348618450000004, 1.6539640409999947], "q_25": 1.4440109607500915, "q_75": 1.5911322237500087, "min": 1.4348618450000004, "max": 1.6539640409999947, "mean": 1.5062473854000131, "std": 0.08779898744190671, "repeat": 10, "number": 1}]}}, "params": {"machine": "GitHubRunner", "python": "3.8"}, "requirements": {}, "commit_hash": "69caf9f82c7a523aa0e1594c392a118bb3975ac4", "date": 1639503985000, "env_name": "virtualenv-py3.8", "python": "3.8", "profiles": {}, "started_at": {"benchmarks.BasicBenchmark.time_solve_model": 1639538669876, "benchmarks.LargePack.time_discharge_1cpu": 1639538676555, "benchmarks.LargePack.time_discharge_2cpu": 1639538695681, "benchmarks.LargePack.time_long_cycle_2cpu": 1639538022484, "benchmarks.MediumPack.time_discharge_1cpu": 1639538708638, "benchmarks.MediumPack.time_discharge_2cpu": 1639538719686, "benchmarks.SmallPack.time_discharge_1cpu": 1639538731677, "benchmarks.SmallPack.time_discharge_2cpu": 1639538740913}, "ended_at": {"benchmarks.BasicBenchmark.time_solve_model": 1639538676551, "benchmarks.LargePack.time_discharge_1cpu": 1639538695680, "benchmarks.LargePack.time_discharge_2cpu": 1639538708637, "benchmarks.LargePack.time_long_cycle_2cpu": 1639538623813, "benchmarks.MediumPack.time_discharge_1cpu": 1639538719685, "benchmarks.MediumPack.time_discharge_2cpu": 1639538731677, "benchmarks.SmallPack.time_discharge_1cpu": 1639538740912, "benchmarks.SmallPack.time_discharge_2cpu": 1639538750249}, "benchmark_version": {"benchmarks.BasicBenchmark.time_solve_model": "21dc88971553291c844a81300eeac2ae53f86ef7781bdb26086d1d57d88c8cec", "benchmarks.LargePack.time_discharge_1cpu": "5a2756f3bebd1d0e37e074eb74a0bca10c9ce960ed21316ad26e9583a10353f8", "benchmarks.LargePack.time_discharge_2cpu": "f19047f1071beb2e16eb288e9a2cb14f4b91fca1dd10a3dbe5c68078a908886d", "benchmarks.LargePack.time_long_cycle_2cpu": "886173c7f314c25dcd319de5a644065b170ce4fe889082fb1ebcead737f35d99", "benchmarks.MediumPack.time_discharge_1cpu": "b8aa492ab12a8aba37625a5c0deae1c109def02877ec79681d996a7f77cc595c", "benchmarks.MediumPack.time_discharge_2cpu": "850ba37f55027bfd05992888284a51f0f34d93dcdd99053c957faf34e763a327", "benchmarks.SmallPack.time_discharge_1cpu": "07ba66cea19ff93b549ef21d8e3a0e9282b00d59822764eb1b4ac75f74a0d9c9", "benchmarks.SmallPack.time_discharge_2cpu": "7d2cd2d77443c50c3db4ed879be8a6cc5ece070ec744f5ce5778304a5f2f1f27"}, "version": 1}