{"results": {"benchmarks.BasicBenchmark.time_solve_model": {"result": [0.6393872389999586], "stats": [{"ci_99": [0.6254440459999842, 0.6533037330000013], "q_25": 0.6304641019999337, "q_75": 0.6495338997500042, "min": 0.6254440459999842, "max": 0.6533037330000013, "mean": 0.6394638268999728, "std": 0.010334110058717946, "repeat": 10, "number": 1}]}, "benchmarks.LargePack.time_discharge_1cpu": {"result": [7.811084060999988], "stats": [{"ci_99": [5.603656910998993, 10.018511211000982], "q_25": 7.789009789499978, "q_75": 7.833158332499998, "min": 7.766935517999968, "max": 7.855232604000008, "mean": 7.811084060999988, "std": 0.04414854300001991, "repeat": 2, "number": 1}]}, "benchmarks.LargePack.time_discharge_2cpu": {"result": [5.026918837500006], "stats": [{"ci_99": [3.382347662500507, 6.671490012499502], "q_25": 5.010473125750011, "q_75": 5.0433645492500006, "min": 4.994027414000016, "max": 5.0598102609999955, "mean": 5.026918837500006, "std": 0.03289142349998997, "repeat": 2, "number": 1}]}, "benchmarks.LargePack.time_long_cycle_2cpu": null, "benchmarks.MediumPack.time_discharge_1cpu": {"result": [4.494619392999994], "stats": [{"ci_99": [4.4345138850421675, 4.542182517457843], "q_25": 4.482036182249971, "q_75": 4.500931412000028, "min": 4.454331075000027, "max": 4.509822944000007, "mean": 4.488348201250005, "std": 0.020732858570863644, "repeat": 4, "number": 1}]}, "benchmarks.MediumPack.time_discharge_2cpu": {"result": [3.0337084720000007], "stats": [{"ci_99": [3.0121608143050267, 3.0583234290000973], "q_25": 3.025553704749967, "q_75": 3.0406656542500343, "min": 3.015393533000065, "max": 3.0583234290000973, "mean": 3.0344923450000274, "std": 0.013848349646118578, "repeat": 6, "number": 1}]}, "benchmarks.SmallPack.time_discharge_1cpu": {"result": [1.218389836999961], "stats": [{"ci_99": [1.2138479040000902, 1.2274430209999991], "q_25": 1.214958901000017, "q_75": 1.2211057187500103, "min": 1.2138479040000902, "max": 1.2274430209999991, "mean": 1.2189791768000078, "std": 0.0043901089848147334, "repeat": 10, "number": 1}]}, "benchmarks.SmallPack.time_discharge_2cpu": {"result": [1.2245447024999976], "stats": [{"ci_99": [1.214042344999939, 1.2387620860000652], "q_25": 1.2175747050000325, "q_75": 1.2317957857499948, "min": 1.214042344999939, "max": 1.2387620860000652, "mean": 1.2253787759000034, "std": 0.00857296755855344, "repeat": 10, "number": 1}]}}, "params": {"machine": "GitHubRunner", "python": "3.8"}, "requirements": {}, "commit_hash": "69caf9f82c7a523aa0e1594c392a118bb3975ac4", "date": 1639503985000, "env_name": "virtualenv-py3.8", "python": "3.8", "profiles": {}, "started_at": {"benchmarks.BasicBenchmark.time_solve_model": 1639625042710, "benchmarks.LargePack.time_discharge_1cpu": 1639625047888, "benchmarks.LargePack.time_discharge_2cpu": 1639625064134, "benchmarks.LargePack.time_long_cycle_2cpu": 1639624398184, "benchmarks.MediumPack.time_discharge_1cpu": 1639625074816, "benchmarks.MediumPack.time_discharge_2cpu": 1639625088965, "benchmarks.SmallPack.time_discharge_1cpu": 1639625101802, "benchmarks.SmallPack.time_discharge_2cpu": 1639625109629}, "ended_at": {"benchmarks.BasicBenchmark.time_solve_model": 1639625047884, "benchmarks.LargePack.time_discharge_1cpu": 1639625064134, "benchmarks.LargePack.time_discharge_2cpu": 1639625074816, "benchmarks.LargePack.time_long_cycle_2cpu": 1639624998971, "benchmarks.MediumPack.time_discharge_1cpu": 1639625088965, "benchmarks.MediumPack.time_discharge_2cpu": 1639625101802, "benchmarks.SmallPack.time_discharge_1cpu": 1639625109629, "benchmarks.SmallPack.time_discharge_2cpu": 1639625117502}, "benchmark_version": {"benchmarks.BasicBenchmark.time_solve_model": "21dc88971553291c844a81300eeac2ae53f86ef7781bdb26086d1d57d88c8cec", "benchmarks.LargePack.time_discharge_1cpu": "5a2756f3bebd1d0e37e074eb74a0bca10c9ce960ed21316ad26e9583a10353f8", "benchmarks.LargePack.time_discharge_2cpu": "f19047f1071beb2e16eb288e9a2cb14f4b91fca1dd10a3dbe5c68078a908886d", "benchmarks.LargePack.time_long_cycle_2cpu": "886173c7f314c25dcd319de5a644065b170ce4fe889082fb1ebcead737f35d99", "benchmarks.MediumPack.time_discharge_1cpu": "b8aa492ab12a8aba37625a5c0deae1c109def02877ec79681d996a7f77cc595c", "benchmarks.MediumPack.time_discharge_2cpu": "850ba37f55027bfd05992888284a51f0f34d93dcdd99053c957faf34e763a327", "benchmarks.SmallPack.time_discharge_1cpu": "07ba66cea19ff93b549ef21d8e3a0e9282b00d59822764eb1b4ac75f74a0d9c9", "benchmarks.SmallPack.time_discharge_2cpu": "7d2cd2d77443c50c3db4ed879be8a6cc5ece070ec744f5ce5778304a5f2f1f27"}, "version": 1}