{"results": {"benchmarks.BasicBenchmark.time_solve_model": {"result": [0.5479772220000427], "stats": [{"ci_99": [0.5457044539999742, 0.5515084069999148], "q_25": 0.5461607590000312, "q_75": 0.551235503249984, "min": 0.5457044539999742, "max": 0.5515084069999148, "mean": 0.548536589199989, "std": 0.0023798810402355704, "repeat": 10, "number": 1}]}, "benchmarks.LargePack.time_discharge_1cpu": {"result": [7.855397351000022], "stats": [{"ci_99": [6.562757450999186, 9.148037251000856], "q_25": 7.8424709520000135, "q_75": 7.86832375000003, "min": 7.829544553000005, "max": 7.881250149000039, "mean": 7.855397351000022, "std": 0.02585279800001672, "repeat": 2, "number": 1}]}, "benchmarks.LargePack.time_discharge_2cpu": {"result": [4.893747008500014], "stats": [{"ci_99": [3.7588622335000252, 6.0286317835000025], "q_25": 4.882398160750014, "q_75": 4.905095856250014, "min": 4.8710493130000145, "max": 4.916444704000014, "mean": 4.893747008500014, "std": 0.02269769549999978, "repeat": 2, "number": 1}]}, "benchmarks.LargePack.time_long_cycle_2cpu": null, "benchmarks.MediumPack.time_discharge_1cpu": {"result": [4.408339760500041], "stats": [{"ci_99": [4.349411327852047, 4.469754064647951], "q_25": 4.391861551250031, "q_75": 4.426060905500009, "min": 4.385086438999906, "max": 4.436564825000005, "mean": 4.409582696249998, "std": 0.02083026214208587, "repeat": 4, "number": 1}]}, "benchmarks.MediumPack.time_discharge_2cpu": {"result": [2.9581336200000123], "stats": [{"ci_99": [2.9330606492175963, 3.010524630000077], "q_25": 2.954295936249963, "q_75": 2.9760668299999224, "min": 2.941638882999996, "max": 3.010524630000077, "mean": 2.967248671333323, "std": 0.022646562479751553, "repeat": 6, "number": 1}]}, "benchmarks.SmallPack.time_discharge_1cpu": {"result": [1.1229594124999949], "stats": [{"ci_99": [1.1204725190000318, 1.129622984999969], "q_25": 1.1219331462500293, "q_75": 1.1253643197499912, "min": 1.1204725190000318, "max": 1.129622984999969, "mean": 1.1239133645999915, "std": 0.0027755495891326754, "repeat": 10, "number": 1}]}, "benchmarks.SmallPack.time_discharge_2cpu": {"result": [1.1346137495000335], "stats": [{"ci_99": [1.1318397100000084, 1.145738444000017], "q_25": 1.1332597332499859, "q_75": 1.139876182250049, "min": 1.1318397100000084, "max": 1.145738444000017, "mean": 1.1365474359000245, "std": 0.004704088810310244, "repeat": 10, "number": 1}]}}, "params": {"machine": "GitHubRunner", "python": "3.8"}, "requirements": {}, "commit_hash": "75c28c0775d3739a6fe58f911fcc40eeee28cdb4", "date": 1643133728000, "env_name": "virtualenv-py3.8", "python": "3.8", "profiles": {}, "started_at": {"benchmarks.BasicBenchmark.time_solve_model": 1643858288243, "benchmarks.LargePack.time_discharge_1cpu": 1643858292865, "benchmarks.LargePack.time_discharge_2cpu": 1643858309272, "benchmarks.LargePack.time_long_cycle_2cpu": 1643858002152, "benchmarks.MediumPack.time_discharge_1cpu": 1643858319700, "benchmarks.MediumPack.time_discharge_2cpu": 1643858333545, "benchmarks.SmallPack.time_discharge_1cpu": 1643858346076, "benchmarks.SmallPack.time_discharge_2cpu": 1643858353352}, "ended_at": {"benchmarks.BasicBenchmark.time_solve_model": 1643858292862, "benchmarks.LargePack.time_discharge_1cpu": 1643858309272, "benchmarks.LargePack.time_discharge_2cpu": 1643858319699, "benchmarks.LargePack.time_long_cycle_2cpu": 1643858246315, "benchmarks.MediumPack.time_discharge_1cpu": 1643858333544, "benchmarks.MediumPack.time_discharge_2cpu": 1643858346075, "benchmarks.SmallPack.time_discharge_1cpu": 1643858353352, "benchmarks.SmallPack.time_discharge_2cpu": 1643858360684}, "benchmark_version": {"benchmarks.BasicBenchmark.time_solve_model": "21dc88971553291c844a81300eeac2ae53f86ef7781bdb26086d1d57d88c8cec", "benchmarks.LargePack.time_discharge_1cpu": "5a2756f3bebd1d0e37e074eb74a0bca10c9ce960ed21316ad26e9583a10353f8", "benchmarks.LargePack.time_discharge_2cpu": "f19047f1071beb2e16eb288e9a2cb14f4b91fca1dd10a3dbe5c68078a908886d", "benchmarks.LargePack.time_long_cycle_2cpu": "886173c7f314c25dcd319de5a644065b170ce4fe889082fb1ebcead737f35d99", "benchmarks.MediumPack.time_discharge_1cpu": "b8aa492ab12a8aba37625a5c0deae1c109def02877ec79681d996a7f77cc595c", "benchmarks.MediumPack.time_discharge_2cpu": "850ba37f55027bfd05992888284a51f0f34d93dcdd99053c957faf34e763a327", "benchmarks.SmallPack.time_discharge_1cpu": "07ba66cea19ff93b549ef21d8e3a0e9282b00d59822764eb1b4ac75f74a0d9c9", "benchmarks.SmallPack.time_discharge_2cpu": "7d2cd2d77443c50c3db4ed879be8a6cc5ece070ec744f5ce5778304a5f2f1f27"}, "version": 1}