{"results": {"benchmarks.BasicBenchmark.time_solve_model": {"result": [0.6458413600000199], "stats": [{"ci_99": [0.6433493019999901, 0.6501169790000176], "q_25": 0.6448412312500338, "q_75": 0.6491905554999917, "min": 0.6433493019999901, "max": 0.6501169790000176, "mean": 0.6467443350000082, "std": 0.002463726248751012, "repeat": 10, "number": 1}]}, "benchmarks.LargePack.time_discharge_1cpu": {"result": [9.145278794000006], "stats": [{"ci_99": [1.6051924939987146, 16.68536509400129], "q_25": 9.069877930999994, "q_75": 9.22067965700002, "min": 8.99447706799998, "max": 9.296080520000032, "mean": 9.145278794000006, "std": 0.15080172600002584, "repeat": 2, "number": 1}]}, "benchmarks.LargePack.time_discharge_2cpu": {"result": [6.015035913500014], "stats": [{"ci_99": [5.747709338500954, 6.282362488499075], "q_25": 6.012362647750024, "q_75": 6.017709179250005, "min": 6.009689382000033, "max": 6.020382444999996, "mean": 6.015035913500014, "std": 0.005346531499981211, "repeat": 2, "number": 1}]}, "benchmarks.LargePack.time_long_cycle_2cpu": null, "benchmarks.MediumPack.time_discharge_1cpu": {"result": [5.170510590499958], "stats": [{"ci_99": [3.743982415501449, 6.597038765498467], "q_25": 5.156245308749973, "q_75": 5.1847758722499435, "min": 5.141980026999988, "max": 5.199041153999929, "mean": 5.170510590499958, "std": 0.028530563499970185, "repeat": 2, "number": 1}]}, "benchmarks.MediumPack.time_discharge_2cpu": {"result": [3.5977642450000076], "stats": [{"ci_99": [3.438201793310932, 3.822444993689052], "q_25": 3.5724477920000197, "q_75": 3.65563984649998, "min": 3.571964546000004, "max": 3.7538005379999504, "mean": 3.6303233934999923, "std": 0.07422624532093093, "repeat": 4, "number": 1}]}, "benchmarks.SmallPack.time_discharge_1cpu": {"result": [1.318181181], "stats": [{"ci_99": [1.305800070000032, 1.3445126709999613], "q_25": 1.3102736127499952, "q_75": 1.324217143750019, "min": 1.305800070000032, "max": 1.3445126709999613, "mean": 1.3190371186999983, "std": 0.011305529688746279, "repeat": 10, "number": 1}]}, "benchmarks.SmallPack.time_discharge_2cpu": {"result": [1.346711485500009], "stats": [{"ci_99": [1.3203892610000594, 1.526671040999986], "q_25": 1.330410824500035, "q_75": 1.3664408664999428, "min": 1.3203892610000594, "max": 1.526671040999986, "mean": 1.3630514368000035, "std": 0.05710733666221195, "repeat": 10, "number": 1}]}}, "params": {"machine": "GitHubRunner", "python": "3.8"}, "requirements": {}, "commit_hash": "75c28c0775d3739a6fe58f911fcc40eeee28cdb4", "date": 1643133728000, "env_name": "virtualenv-py3.8", "python": "3.8", "profiles": {}, "started_at": {"benchmarks.BasicBenchmark.time_solve_model": 1643685528500, "benchmarks.LargePack.time_discharge_1cpu": 1643685534018, "benchmarks.LargePack.time_discharge_2cpu": 1643685553232, "benchmarks.LargePack.time_long_cycle_2cpu": 1643685180983, "benchmarks.MediumPack.time_discharge_1cpu": 1643685566080, "benchmarks.MediumPack.time_discharge_2cpu": 1643685577219, "benchmarks.SmallPack.time_discharge_1cpu": 1643685588916, "benchmarks.SmallPack.time_discharge_2cpu": 1643685597498}, "ended_at": {"benchmarks.BasicBenchmark.time_solve_model": 1643685534013, "benchmarks.LargePack.time_discharge_1cpu": 1643685553231, "benchmarks.LargePack.time_discharge_2cpu": 1643685566079, "benchmarks.LargePack.time_long_cycle_2cpu": 1643685487184, "benchmarks.MediumPack.time_discharge_1cpu": 1643685577219, "benchmarks.MediumPack.time_discharge_2cpu": 1643685588916, "benchmarks.SmallPack.time_discharge_1cpu": 1643685597498, "benchmarks.SmallPack.time_discharge_2cpu": 1643685606481}, "benchmark_version": {"benchmarks.BasicBenchmark.time_solve_model": "21dc88971553291c844a81300eeac2ae53f86ef7781bdb26086d1d57d88c8cec", "benchmarks.LargePack.time_discharge_1cpu": "5a2756f3bebd1d0e37e074eb74a0bca10c9ce960ed21316ad26e9583a10353f8", "benchmarks.LargePack.time_discharge_2cpu": "f19047f1071beb2e16eb288e9a2cb14f4b91fca1dd10a3dbe5c68078a908886d", "benchmarks.LargePack.time_long_cycle_2cpu": "886173c7f314c25dcd319de5a644065b170ce4fe889082fb1ebcead737f35d99", "benchmarks.MediumPack.time_discharge_1cpu": "b8aa492ab12a8aba37625a5c0deae1c109def02877ec79681d996a7f77cc595c", "benchmarks.MediumPack.time_discharge_2cpu": "850ba37f55027bfd05992888284a51f0f34d93dcdd99053c957faf34e763a327", "benchmarks.SmallPack.time_discharge_1cpu": "07ba66cea19ff93b549ef21d8e3a0e9282b00d59822764eb1b4ac75f74a0d9c9", "benchmarks.SmallPack.time_discharge_2cpu": "7d2cd2d77443c50c3db4ed879be8a6cc5ece070ec744f5ce5778304a5f2f1f27"}, "version": 1}