{"results": {"benchmarks.BasicBenchmark.time_solve_model": {"result": [0.5644027525000013], "stats": [{"ci_99": [0.5543903410000155, 0.576329362000024], "q_25": 0.5603006575000151, "q_75": 0.5711695217499653, "min": 0.5543903410000155, "max": 0.576329362000024, "mean": 0.5657254118000055, "std": 0.006817446234785394, "repeat": 10, "number": 1}]}, "benchmarks.LargePack.time_discharge_1cpu": {"result": [7.952531352999998], "stats": [{"ci_99": [7.665317403000799, 8.239745302999196], "q_25": 7.949659213500006, "q_75": 7.95540349249999, "min": 7.946787074000014, "max": 7.958275631999982, "mean": 7.952531352999998, "std": 0.005744278999983976, "repeat": 2, "number": 1}]}, "benchmarks.LargePack.time_discharge_2cpu": {"result": [5.079270677499991], "stats": [{"ci_99": [3.9796024524997193, 6.178938902500263], "q_25": 5.068273995249989, "q_75": 5.090267359749994, "min": 5.057277312999986, "max": 5.101264041999997, "mean": 5.079270677499991, "std": 0.02199336450000544, "repeat": 2, "number": 1}]}, "benchmarks.LargePack.time_long_cycle_2cpu": null, "benchmarks.MediumPack.time_discharge_1cpu": {"result": [4.494015275500033], "stats": [{"ci_99": [4.442501466539082, 4.556797137461022], "q_25": 4.482526517250051, "q_75": 4.511138060250033, "min": 4.4791484640001045, "max": 4.531418193000036, "mean": 4.499649302000051, "std": 0.02066279315953836, "repeat": 4, "number": 1}]}, "benchmarks.MediumPack.time_discharge_2cpu": {"result": [3.0551532270000052], "stats": [{"ci_99": [3.0368050468712955, 3.0816569587953713], "q_25": 3.0508507674999947, "q_75": 3.070051499000016, "min": 3.040588071000002, "max": 3.0800572879999777, "mean": 3.0592310028333336, "std": 0.013715578105140448, "repeat": 6, "number": 1}]}, "benchmarks.SmallPack.time_discharge_1cpu": {"result": [1.157025346499978], "stats": [{"ci_99": [1.1408815190000041, 1.1709626809999918], "q_25": 1.1491462457499892, "q_75": 1.165226206249983, "min": 1.1408815190000041, "max": 1.1709626809999918, "mean": 1.156747471199992, "std": 0.01037275502444833, "repeat": 10, "number": 1}]}, "benchmarks.SmallPack.time_discharge_2cpu": {"result": [1.1585269210000035], "stats": [{"ci_99": [1.1355683599999793, 1.1979901880000057], "q_25": 1.1463947209999787, "q_75": 1.1816713112500423, "min": 1.1355683599999793, "max": 1.1979901880000057, "mean": 1.162818563799982, "std": 0.020620982438200118, "repeat": 10, "number": 1}]}}, "params": {"machine": "GitHubRunner", "python": "3.8"}, "requirements": {}, "commit_hash": "75c28c0775d3739a6fe58f911fcc40eeee28cdb4", "date": 1643133728000, "env_name": "virtualenv-py3.8", "python": "3.8", "profiles": {}, "started_at": {"benchmarks.BasicBenchmark.time_solve_model": 1643339860362, "benchmarks.LargePack.time_discharge_1cpu": 1643339865182, "benchmarks.LargePack.time_discharge_2cpu": 1643339881947, "benchmarks.LargePack.time_long_cycle_2cpu": 1643339563894, "benchmarks.MediumPack.time_discharge_1cpu": 1643339892733, "benchmarks.MediumPack.time_discharge_2cpu": 1643339906888, "benchmarks.SmallPack.time_discharge_1cpu": 1643339919877, "benchmarks.SmallPack.time_discharge_2cpu": 1643339927308}, "ended_at": {"benchmarks.BasicBenchmark.time_solve_model": 1643339865179, "benchmarks.LargePack.time_discharge_1cpu": 1643339881947, "benchmarks.LargePack.time_discharge_2cpu": 1643339892732, "benchmarks.LargePack.time_long_cycle_2cpu": 1643339816762, "benchmarks.MediumPack.time_discharge_1cpu": 1643339906888, "benchmarks.MediumPack.time_discharge_2cpu": 1643339919877, "benchmarks.SmallPack.time_discharge_1cpu": 1643339927308, "benchmarks.SmallPack.time_discharge_2cpu": 1643339934738}, "benchmark_version": {"benchmarks.BasicBenchmark.time_solve_model": "21dc88971553291c844a81300eeac2ae53f86ef7781bdb26086d1d57d88c8cec", "benchmarks.LargePack.time_discharge_1cpu": "5a2756f3bebd1d0e37e074eb74a0bca10c9ce960ed21316ad26e9583a10353f8", "benchmarks.LargePack.time_discharge_2cpu": "f19047f1071beb2e16eb288e9a2cb14f4b91fca1dd10a3dbe5c68078a908886d", "benchmarks.LargePack.time_long_cycle_2cpu": "886173c7f314c25dcd319de5a644065b170ce4fe889082fb1ebcead737f35d99", "benchmarks.MediumPack.time_discharge_1cpu": "b8aa492ab12a8aba37625a5c0deae1c109def02877ec79681d996a7f77cc595c", "benchmarks.MediumPack.time_discharge_2cpu": "850ba37f55027bfd05992888284a51f0f34d93dcdd99053c957faf34e763a327", "benchmarks.SmallPack.time_discharge_1cpu": "07ba66cea19ff93b549ef21d8e3a0e9282b00d59822764eb1b4ac75f74a0d9c9", "benchmarks.SmallPack.time_discharge_2cpu": "7d2cd2d77443c50c3db4ed879be8a6cc5ece070ec744f5ce5778304a5f2f1f27"}, "version": 1}