{"results": {"benchmarks.BasicBenchmark.time_solve_model": {"result": [0.6602543725000061], "stats": [{"ci_99": [0.6530221879999942, 0.6671690819999867], "q_25": 0.6542864622499991, "q_75": 0.6645676657499564, "min": 0.6530221879999942, "max": 0.6671690819999867, "mean": 0.6598923712000015, "std": 0.005417650398629025, "repeat": 10, "number": 1}]}, "benchmarks.LargePack.time_discharge_1cpu": {"result": [9.337563760500004], "stats": [{"ci_99": [5.9151269354998846, 12.76000058550012], "q_25": 9.303339392250003, "q_75": 9.371788128750005, "min": 9.269115024000001, "max": 9.406012497000006, "mean": 9.337563760500004, "std": 0.06844873650000238, "repeat": 2, "number": 1}]}, "benchmarks.LargePack.time_discharge_2cpu": {"result": [5.960748599499979], "stats": [{"ci_99": [5.926257724501241, 5.995239474498717], "q_25": 5.960403690749992, "q_75": 5.9610935082499665, "min": 5.960058782000004, "max": 5.961438416999954, "mean": 5.960748599499979, "std": 0.0006898174999747653, "repeat": 2, "number": 1}]}, "benchmarks.LargePack.time_long_cycle_2cpu": null, "benchmarks.MediumPack.time_discharge_1cpu": {"result": [5.290995160999955], "stats": [{"ci_99": [4.39563901100064, 6.18635131099927], "q_25": 5.282041599499962, "q_75": 5.299948722499948, "min": 5.273088037999969, "max": 5.308902283999942, "mean": 5.290995160999955, "std": 0.017907122999986314, "repeat": 2, "number": 1}]}, "benchmarks.MediumPack.time_discharge_2cpu": {"result": [3.6230320490000736], "stats": [{"ci_99": [3.5718684721117944, 3.698233529388255], "q_25": 3.619064970500034, "q_75": 3.6390180792500644, "min": 3.6148041139999805, "max": 3.6793357909999713, "mean": 3.6350510007500247, "std": 0.02585034710625812, "repeat": 4, "number": 1}]}, "benchmarks.SmallPack.time_discharge_1cpu": {"result": [1.3505436695000412], "stats": [{"ci_99": [1.3444620020000002, 1.3614315260000467], "q_25": 1.3487278992499512, "q_75": 1.3532016507500373, "min": 1.3444620020000002, "max": 1.3614315260000467, "mean": 1.3516397815000118, "std": 0.004693756102195109, "repeat": 10, "number": 1}]}, "benchmarks.SmallPack.time_discharge_2cpu": {"result": [1.361701159000063], "stats": [{"ci_99": [1.3544380170000068, 1.3750098220000382], "q_25": 1.358292928500049, "q_75": 1.3653981440000393, "min": 1.3544380170000068, "max": 1.3750098220000382, "mean": 1.3627958183000373, "std": 0.005878059335209418, "repeat": 10, "number": 1}]}}, "params": {"machine": "GitHubRunner", "python": "3.8"}, "requirements": {}, "commit_hash": "75c28c0775d3739a6fe58f911fcc40eeee28cdb4", "date": 1643133728000, "env_name": "virtualenv-py3.8", "python": "3.8", "profiles": {}, "started_at": {"benchmarks.BasicBenchmark.time_solve_model": 1643512993583, "benchmarks.LargePack.time_discharge_1cpu": 1643512999131, "benchmarks.LargePack.time_discharge_2cpu": 1643513018762, "benchmarks.LargePack.time_long_cycle_2cpu": 1643512350904, "benchmarks.MediumPack.time_discharge_1cpu": 1643513031503, "benchmarks.MediumPack.time_discharge_2cpu": 1643513042596, "benchmarks.SmallPack.time_discharge_1cpu": 1643513054132, "benchmarks.SmallPack.time_discharge_2cpu": 1643513062829}, "ended_at": {"benchmarks.BasicBenchmark.time_solve_model": 1643512999127, "benchmarks.LargePack.time_discharge_1cpu": 1643513018761, "benchmarks.LargePack.time_discharge_2cpu": 1643513031502, "benchmarks.LargePack.time_long_cycle_2cpu": 1643512951888, "benchmarks.MediumPack.time_discharge_1cpu": 1643513042596, "benchmarks.MediumPack.time_discharge_2cpu": 1643513054131, "benchmarks.SmallPack.time_discharge_1cpu": 1643513062829, "benchmarks.SmallPack.time_discharge_2cpu": 1643513071617}, "benchmark_version": {"benchmarks.BasicBenchmark.time_solve_model": "21dc88971553291c844a81300eeac2ae53f86ef7781bdb26086d1d57d88c8cec", "benchmarks.LargePack.time_discharge_1cpu": "5a2756f3bebd1d0e37e074eb74a0bca10c9ce960ed21316ad26e9583a10353f8", "benchmarks.LargePack.time_discharge_2cpu": "f19047f1071beb2e16eb288e9a2cb14f4b91fca1dd10a3dbe5c68078a908886d", "benchmarks.LargePack.time_long_cycle_2cpu": "886173c7f314c25dcd319de5a644065b170ce4fe889082fb1ebcead737f35d99", "benchmarks.MediumPack.time_discharge_1cpu": "b8aa492ab12a8aba37625a5c0deae1c109def02877ec79681d996a7f77cc595c", "benchmarks.MediumPack.time_discharge_2cpu": "850ba37f55027bfd05992888284a51f0f34d93dcdd99053c957faf34e763a327", "benchmarks.SmallPack.time_discharge_1cpu": "07ba66cea19ff93b549ef21d8e3a0e9282b00d59822764eb1b4ac75f74a0d9c9", "benchmarks.SmallPack.time_discharge_2cpu": "7d2cd2d77443c50c3db4ed879be8a6cc5ece070ec744f5ce5778304a5f2f1f27"}, "version": 1}