{"results": {"benchmarks.BasicBenchmark.time_solve_model": {"result": [0.5488503510000413], "stats": [{"ci_99": [0.5448915860000056, 0.5527287830000205], "q_25": 0.5454305225000056, "q_75": 0.5510347570000249, "min": 0.5448915860000056, "max": 0.5527287830000205, "mean": 0.5486271115000108, "std": 0.0030078006992589994, "repeat": 10, "number": 1}]}, "benchmarks.LargePack.time_discharge_1cpu": {"result": [7.7461940970000285], "stats": [{"ci_99": [5.783929296999105, 9.70845889700095], "q_25": 7.726571449000019, "q_75": 7.765816745000038, "min": 7.70694880100001, "max": 7.785439393000047, "mean": 7.7461940970000285, "std": 0.03924529600001847, "repeat": 2, "number": 1}]}, "benchmarks.LargePack.time_discharge_2cpu": {"result": [4.903826146500023], "stats": [{"ci_99": [4.848875221500748, 4.9587770714992985], "q_25": 4.9032766372500305, "q_75": 4.904375655750016, "min": 4.902727128000038, "max": 4.904925165000009, "mean": 4.903826146500023, "std": 0.0010990184999855046, "repeat": 2, "number": 1}]}, "benchmarks.LargePack.time_long_cycle_2cpu": null, "benchmarks.MediumPack.time_discharge_1cpu": {"result": [4.378941432000033], "stats": [{"ci_99": [4.351618402600824, 4.40827166189916], "q_25": 4.3740217792500005, "q_75": 4.384864685000025, "min": 4.366460162999942, "max": 4.39543710199996, "mean": 4.379945032249992, "std": 0.01043278302662282, "repeat": 4, "number": 1}]}, "benchmarks.MediumPack.time_discharge_2cpu": {"result": [2.951589340499993], "stats": [{"ci_99": [2.9270053942212395, 2.977678024999932], "q_25": 2.9418727630000205, "q_75": 2.9579162052500294, "min": 2.9283690739999884, "max": 2.977678024999932, "mean": 2.9513141406666628, "std": 0.01549184401793418, "repeat": 6, "number": 1}]}, "benchmarks.SmallPack.time_discharge_1cpu": {"result": [1.1247110064999788], "stats": [{"ci_99": [1.1224846789999674, 1.1273771239999633], "q_25": 1.1234121344999153, "q_75": 1.1252598507499556, "min": 1.1224846789999674, "max": 1.1273771239999633, "mean": 1.124610019299962, "std": 0.0014028749231312135, "repeat": 10, "number": 1}]}, "benchmarks.SmallPack.time_discharge_2cpu": {"result": [1.1381625194999856], "stats": [{"ci_99": [1.132298373000026, 1.1523007069999949], "q_25": 1.1358811639999544, "q_75": 1.1419039547499494, "min": 1.132298373000026, "max": 1.1523007069999949, "mean": 1.1399516425000003, "std": 0.005899153014289708, "repeat": 10, "number": 1}]}}, "params": {"machine": "GitHubRunner", "python": "3.8"}, "requirements": {}, "commit_hash": "75c28c0775d3739a6fe58f911fcc40eeee28cdb4", "date": 1643133728000, "env_name": "virtualenv-py3.8", "python": "3.8", "profiles": {}, "started_at": {"benchmarks.BasicBenchmark.time_solve_model": 1643253829345, "benchmarks.LargePack.time_discharge_1cpu": 1643253833972, "benchmarks.LargePack.time_discharge_2cpu": 1643253850274, "benchmarks.LargePack.time_long_cycle_2cpu": 1643253186386, "benchmarks.MediumPack.time_discharge_1cpu": 1643253860754, "benchmarks.MediumPack.time_discharge_2cpu": 1643253874509, "benchmarks.SmallPack.time_discharge_1cpu": 1643253886940, "benchmarks.SmallPack.time_discharge_2cpu": 1643253894216}, "ended_at": {"benchmarks.BasicBenchmark.time_solve_model": 1643253833968, "benchmarks.LargePack.time_discharge_1cpu": 1643253850274, "benchmarks.LargePack.time_discharge_2cpu": 1643253860753, "benchmarks.LargePack.time_long_cycle_2cpu": 1643253787269, "benchmarks.MediumPack.time_discharge_1cpu": 1643253874509, "benchmarks.MediumPack.time_discharge_2cpu": 1643253886940, "benchmarks.SmallPack.time_discharge_1cpu": 1643253894215, "benchmarks.SmallPack.time_discharge_2cpu": 1643253901591}, "benchmark_version": {"benchmarks.BasicBenchmark.time_solve_model": "21dc88971553291c844a81300eeac2ae53f86ef7781bdb26086d1d57d88c8cec", "benchmarks.LargePack.time_discharge_1cpu": "5a2756f3bebd1d0e37e074eb74a0bca10c9ce960ed21316ad26e9583a10353f8", "benchmarks.LargePack.time_discharge_2cpu": "f19047f1071beb2e16eb288e9a2cb14f4b91fca1dd10a3dbe5c68078a908886d", "benchmarks.LargePack.time_long_cycle_2cpu": "886173c7f314c25dcd319de5a644065b170ce4fe889082fb1ebcead737f35d99", "benchmarks.MediumPack.time_discharge_1cpu": "b8aa492ab12a8aba37625a5c0deae1c109def02877ec79681d996a7f77cc595c", "benchmarks.MediumPack.time_discharge_2cpu": "850ba37f55027bfd05992888284a51f0f34d93dcdd99053c957faf34e763a327", "benchmarks.SmallPack.time_discharge_1cpu": "07ba66cea19ff93b549ef21d8e3a0e9282b00d59822764eb1b4ac75f74a0d9c9", "benchmarks.SmallPack.time_discharge_2cpu": "7d2cd2d77443c50c3db4ed879be8a6cc5ece070ec744f5ce5778304a5f2f1f27"}, "version": 1}