{"results": {"benchmarks.BasicBenchmark.time_solve_model": {"result": [0.5132707879999998], "stats": [{"ci_99": [0.5057606800000372, 0.538687130999989], "q_25": 0.5099459994999833, "q_75": 0.5274539272499865, "min": 0.5057606800000372, "max": 0.538687130999989, "mean": 0.518496320199992, "std": 0.011776866003141217, "repeat": 10, "number": 1}]}, "benchmarks.LargePack.time_discharge_1cpu": {"result": [7.443454288499993], "stats": [{"ci_99": [5.018241413500732, 9.868667163499252], "q_25": 7.41920215975, "q_75": 7.467706417249985, "min": 7.394950031000008, "max": 7.491958545999978, "mean": 7.443454288499993, "std": 0.048504257499985215, "repeat": 2, "number": 1}]}, "benchmarks.LargePack.time_discharge_2cpu": {"result": [4.821481981000005], "stats": [{"ci_99": [4.277772447322368, 5.3622367726776226], "q_25": 4.761287030999995, "q_75": 4.879460874499998, "min": 4.7010920809999845, "max": 4.93743976799999, "mean": 4.820004609999994, "std": 0.09649419414785851, "repeat": 3, "number": 1}]}, "benchmarks.LargePack.time_long_cycle_2cpu": null, "benchmarks.MediumPack.time_discharge_1cpu": {"result": [4.184666048000025], "stats": [{"ci_99": [4.115416583703875, 4.252307677796183], "q_25": 4.166002770500029, "q_75": 4.202525408250025, "min": 4.152403181000011, "max": 4.213713246000054, "mean": 4.183862130750029, "std": 0.023881821251041126, "repeat": 4, "number": 1}]}, "benchmarks.MediumPack.time_discharge_2cpu": {"result": [2.9158410039999865], "stats": [{"ci_99": [2.8733542208603944, 2.9560226124728857], "q_25": 2.8920266972499746, "q_75": 2.9375461554999305, "min": 2.8833276039999873, "max": 2.944251086999998, "mean": 2.9146884166666402, "std": 0.024228250150324183, "repeat": 6, "number": 1}]}, "benchmarks.SmallPack.time_discharge_1cpu": {"result": [1.0615985314999818], "stats": [{"ci_99": [1.0270141490000242, 1.0816216399999803], "q_25": 1.0579353635000075, "q_75": 1.0649249967499799, "min": 1.0270141490000242, "max": 1.0816216399999803, "mean": 1.0596411060000037, "std": 0.015219318865835286, "repeat": 10, "number": 1}]}, "benchmarks.SmallPack.time_discharge_2cpu": {"result": [1.0661411174999955], "stats": [{"ci_99": [1.0456358369999634, 1.1046105429999784], "q_25": 1.0570970347500008, "q_75": 1.0787156205000201, "min": 1.0456358369999634, "max": 1.1046105429999784, "mean": 1.0700017645999935, "std": 0.019814602355114775, "repeat": 10, "number": 1}]}}, "params": {"machine": "GitHubRunner", "python": "3.8"}, "requirements": {}, "commit_hash": "75c28c0775d3739a6fe58f911fcc40eeee28cdb4", "date": 1643133728000, "env_name": "virtualenv-py3.8", "python": "3.8", "profiles": {}, "started_at": {"benchmarks.BasicBenchmark.time_solve_model": 1643426257755, "benchmarks.LargePack.time_discharge_1cpu": 1643426262144, "benchmarks.LargePack.time_discharge_2cpu": 1643426277755, "benchmarks.LargePack.time_long_cycle_2cpu": 1643425971852, "benchmarks.MediumPack.time_discharge_1cpu": 1643426288086, "benchmarks.MediumPack.time_discharge_2cpu": 1643426301339, "benchmarks.SmallPack.time_discharge_1cpu": 1643426313725, "benchmarks.SmallPack.time_discharge_2cpu": 1643426320556}, "ended_at": {"benchmarks.BasicBenchmark.time_solve_model": 1643426262139, "benchmarks.LargePack.time_discharge_1cpu": 1643426277755, "benchmarks.LargePack.time_discharge_2cpu": 1643426288086, "benchmarks.LargePack.time_long_cycle_2cpu": 1643426217047, "benchmarks.MediumPack.time_discharge_1cpu": 1643426301339, "benchmarks.MediumPack.time_discharge_2cpu": 1643426313724, "benchmarks.SmallPack.time_discharge_1cpu": 1643426320556, "benchmarks.SmallPack.time_discharge_2cpu": 1643426327385}, "benchmark_version": {"benchmarks.BasicBenchmark.time_solve_model": "21dc88971553291c844a81300eeac2ae53f86ef7781bdb26086d1d57d88c8cec", "benchmarks.LargePack.time_discharge_1cpu": "5a2756f3bebd1d0e37e074eb74a0bca10c9ce960ed21316ad26e9583a10353f8", "benchmarks.LargePack.time_discharge_2cpu": "f19047f1071beb2e16eb288e9a2cb14f4b91fca1dd10a3dbe5c68078a908886d", "benchmarks.LargePack.time_long_cycle_2cpu": "886173c7f314c25dcd319de5a644065b170ce4fe889082fb1ebcead737f35d99", "benchmarks.MediumPack.time_discharge_1cpu": "b8aa492ab12a8aba37625a5c0deae1c109def02877ec79681d996a7f77cc595c", "benchmarks.MediumPack.time_discharge_2cpu": "850ba37f55027bfd05992888284a51f0f34d93dcdd99053c957faf34e763a327", "benchmarks.SmallPack.time_discharge_1cpu": "07ba66cea19ff93b549ef21d8e3a0e9282b00d59822764eb1b4ac75f74a0d9c9", "benchmarks.SmallPack.time_discharge_2cpu": "7d2cd2d77443c50c3db4ed879be8a6cc5ece070ec744f5ce5778304a5f2f1f27"}, "version": 1}