{"results": {"benchmarks.BasicBenchmark.time_solve_model": {"result": [0.6106955959999993], "stats": [{"ci_99": [0.5918735879999986, 0.6347738140000274], "q_25": 0.6046784022499949, "q_75": 0.6243864145000657, "min": 0.5918735879999986, "max": 0.6347738140000274, "mean": 0.6139275201000174, "std": 0.013484664417725853, "repeat": 10, "number": 1}]}, "benchmarks.LargePack.time_discharge_1cpu": {"result": [8.610384986499994], "stats": [{"ci_99": [6.137599161500404, 11.083170811499583], "q_25": 8.585657128249998, "q_75": 8.63511284474999, "min": 8.560929270000003, "max": 8.659840702999986, "mean": 8.610384986499994, "std": 0.04945571649999181, "repeat": 2, "number": 1}]}, "benchmarks.LargePack.time_discharge_2cpu": {"result": [5.500009657499945], "stats": [{"ci_99": [4.13176083250228, 6.868258482497608], "q_25": 5.486327169249968, "q_75": 5.513692145749921, "min": 5.472644680999991, "max": 5.527374633999898, "mean": 5.500009657499945, "std": 0.027364976499953286, "repeat": 2, "number": 1}]}, "benchmarks.LargePack.time_long_cycle_2cpu": null, "benchmarks.MediumPack.time_discharge_1cpu": {"result": [4.815837404000035], "stats": [{"ci_99": [4.75533410454585, 4.889265724787476], "q_25": 4.813658861500016, "q_75": 4.8277097124999955, "min": 4.8114803189999975, "max": 4.839582020999956, "mean": 4.8222999146666625, "std": 0.012349074105935165, "repeat": 3, "number": 1}]}, "benchmarks.MediumPack.time_discharge_2cpu": {"result": [3.387325465999993], "stats": [{"ci_99": [3.369328404322568, 3.4051049946773495], "q_25": 3.3830146567499924, "q_75": 3.3915275087499595, "min": 3.3785820779999085, "max": 3.395633787999941, "mean": 3.387216699499959, "std": 0.006353792424304371, "repeat": 4, "number": 1}]}, "benchmarks.SmallPack.time_discharge_1cpu": {"result": [1.246018783000011], "stats": [{"ci_99": [1.2129644890000009, 1.2707863779999116], "q_25": 1.239229460249902, "q_75": 1.2598380910000344, "min": 1.2129644890000009, "max": 1.2707863779999116, "mean": 1.2452636166999809, "std": 0.0184878301260222, "repeat": 10, "number": 1}]}, "benchmarks.SmallPack.time_discharge_2cpu": {"result": [1.265826835499979], "stats": [{"ci_99": [1.2451782260000073, 1.3091939119999552], "q_25": 1.260288287250006, "q_75": 1.2873536632499736, "min": 1.2451782260000073, "max": 1.3091939119999552, "mean": 1.271830225899987, "std": 0.018926569535665853, "repeat": 10, "number": 1}]}}, "params": {"machine": "GitHubRunner", "python": "3.8"}, "requirements": {}, "commit_hash": "75c28c0775d3739a6fe58f911fcc40eeee28cdb4", "date": 1643133728000, "env_name": "virtualenv-py3.8", "python": "3.8", "profiles": {}, "started_at": {"benchmarks.BasicBenchmark.time_solve_model": 1643599413509, "benchmarks.LargePack.time_discharge_1cpu": 1643599418815, "benchmarks.LargePack.time_discharge_2cpu": 1643599436981, "benchmarks.LargePack.time_long_cycle_2cpu": 1643598773303, "benchmarks.MediumPack.time_discharge_1cpu": 1643599448922, "benchmarks.MediumPack.time_discharge_2cpu": 1643599464039, "benchmarks.SmallPack.time_discharge_1cpu": 1643599474721, "benchmarks.SmallPack.time_discharge_2cpu": 1643599482750}, "ended_at": {"benchmarks.BasicBenchmark.time_solve_model": 1643599418809, "benchmarks.LargePack.time_discharge_1cpu": 1643599436981, "benchmarks.LargePack.time_discharge_2cpu": 1643599448921, "benchmarks.LargePack.time_long_cycle_2cpu": 1643599374317, "benchmarks.MediumPack.time_discharge_1cpu": 1643599464039, "benchmarks.MediumPack.time_discharge_2cpu": 1643599474720, "benchmarks.SmallPack.time_discharge_1cpu": 1643599482750, "benchmarks.SmallPack.time_discharge_2cpu": 1643599490879}, "benchmark_version": {"benchmarks.BasicBenchmark.time_solve_model": "21dc88971553291c844a81300eeac2ae53f86ef7781bdb26086d1d57d88c8cec", "benchmarks.LargePack.time_discharge_1cpu": "5a2756f3bebd1d0e37e074eb74a0bca10c9ce960ed21316ad26e9583a10353f8", "benchmarks.LargePack.time_discharge_2cpu": "f19047f1071beb2e16eb288e9a2cb14f4b91fca1dd10a3dbe5c68078a908886d", "benchmarks.LargePack.time_long_cycle_2cpu": "886173c7f314c25dcd319de5a644065b170ce4fe889082fb1ebcead737f35d99", "benchmarks.MediumPack.time_discharge_1cpu": "b8aa492ab12a8aba37625a5c0deae1c109def02877ec79681d996a7f77cc595c", "benchmarks.MediumPack.time_discharge_2cpu": "850ba37f55027bfd05992888284a51f0f34d93dcdd99053c957faf34e763a327", "benchmarks.SmallPack.time_discharge_1cpu": "07ba66cea19ff93b549ef21d8e3a0e9282b00d59822764eb1b4ac75f74a0d9c9", "benchmarks.SmallPack.time_discharge_2cpu": "7d2cd2d77443c50c3db4ed879be8a6cc5ece070ec744f5ce5778304a5f2f1f27"}, "version": 1}