{"results": {"benchmarks.BasicBenchmark.time_solve_model": {"result": [0.3700910809999982], "stats": [{"ci_99": [0.36663470699997447, 0.37291494999999486], "q_25": 0.36794269075001296, "q_75": 0.3712207897499411, "min": 0.36663470699997447, "max": 0.37291494999999486, "mean": 0.3697799844999906, "std": 0.0020842306367857347, "repeat": 10, "number": 1}]}, "benchmarks.LargePack.time_discharge_1cpu": {"result": [7.584456795999984], "stats": [{"ci_99": [5.842478846001143, 9.326434745998823], "q_25": 7.567037016499995, "q_75": 7.601876575499972, "min": 7.549617237000007, "max": 7.61929635499996, "mean": 7.584456795999984, "std": 0.034839558999976816, "repeat": 2, "number": 1}]}, "benchmarks.LargePack.time_discharge_2cpu": {"result": [4.723987224500036], "stats": [{"ci_99": [4.67638075009007, 4.768820988409933], "q_25": 4.715214082749995, "q_75": 4.731374011000042, "min": 4.6971576249999885, "max": 4.745271402999947, "mean": 4.722600869250002, "std": 0.017177953349426345, "repeat": 4, "number": 1}]}, "benchmarks.LargePack.time_long_cycle_2cpu": null, "benchmarks.MediumPack.time_discharge_1cpu": {"result": [4.172851656000034], "stats": [{"ci_99": [4.154144703584648, 4.19359784291541], "q_25": 4.169465829499984, "q_75": 4.177257099750079, "min": 4.164887291000014, "max": 4.184894490000033, "mean": 4.173871273250029, "std": 0.0072666886748505724, "repeat": 4, "number": 1}]}, "benchmarks.MediumPack.time_discharge_2cpu": {"result": [2.7387843064999515], "stats": [{"ci_99": [2.7011006971644997, 2.7718220995021183], "q_25": 2.716347930000012, "q_75": 2.7547676454999532, "min": 2.710009173000003, "max": 2.7622260409999626, "mean": 2.7364613983333093, "std": 0.020669432469241664, "repeat": 6, "number": 1}]}, "benchmarks.SmallPack.time_discharge_1cpu": {"result": [0.8377373105000174], "stats": [{"ci_99": [0.8344261839999945, 0.8407918349998909], "q_25": 0.8355256437499747, "q_75": 0.839551500749991, "min": 0.8344261839999945, "max": 0.8407918349998909, "mean": 0.8375961781999877, "std": 0.0021946787890526048, "repeat": 10, "number": 1}]}, "benchmarks.SmallPack.time_discharge_2cpu": {"result": [0.849921919499991], "stats": [{"ci_99": [0.846720985999923, 0.8542840300000307], "q_25": 0.8488891195000292, "q_75": 0.8527993337499993, "min": 0.846720985999923, "max": 0.8542840300000307, "mean": 0.8503906127999926, "std": 0.002486874236121522, "repeat": 10, "number": 1}]}}, "params": {"machine": "GitHubRunner", "python": "3.8"}, "requirements": {}, "commit_hash": "75c28c0775d3739a6fe58f911fcc40eeee28cdb4", "date": 1643133728000, "env_name": "virtualenv-py3.8", "python": "3.8", "profiles": {}, "started_at": {"benchmarks.BasicBenchmark.time_solve_model": 1643944943392, "benchmarks.LargePack.time_discharge_1cpu": 1643944946397, "benchmarks.LargePack.time_discharge_2cpu": 1643944962306, "benchmarks.LargePack.time_long_cycle_2cpu": 1643944306349, "benchmarks.MediumPack.time_discharge_1cpu": 1643944977247, "benchmarks.MediumPack.time_discharge_2cpu": 1643944990297, "benchmarks.SmallPack.time_discharge_1cpu": 1643945001728, "benchmarks.SmallPack.time_discharge_2cpu": 1643945007001}, "ended_at": {"benchmarks.BasicBenchmark.time_solve_model": 1643944946394, "benchmarks.LargePack.time_discharge_1cpu": 1643944962306, "benchmarks.LargePack.time_discharge_2cpu": 1643944977247, "benchmarks.LargePack.time_long_cycle_2cpu": 1643944907189, "benchmarks.MediumPack.time_discharge_1cpu": 1643944990296, "benchmarks.MediumPack.time_discharge_2cpu": 1643945001728, "benchmarks.SmallPack.time_discharge_1cpu": 1643945007001, "benchmarks.SmallPack.time_discharge_2cpu": 1643945012375}, "benchmark_version": {"benchmarks.BasicBenchmark.time_solve_model": "21dc88971553291c844a81300eeac2ae53f86ef7781bdb26086d1d57d88c8cec", "benchmarks.LargePack.time_discharge_1cpu": "5a2756f3bebd1d0e37e074eb74a0bca10c9ce960ed21316ad26e9583a10353f8", "benchmarks.LargePack.time_discharge_2cpu": "f19047f1071beb2e16eb288e9a2cb14f4b91fca1dd10a3dbe5c68078a908886d", "benchmarks.LargePack.time_long_cycle_2cpu": "886173c7f314c25dcd319de5a644065b170ce4fe889082fb1ebcead737f35d99", "benchmarks.MediumPack.time_discharge_1cpu": "b8aa492ab12a8aba37625a5c0deae1c109def02877ec79681d996a7f77cc595c", "benchmarks.MediumPack.time_discharge_2cpu": "850ba37f55027bfd05992888284a51f0f34d93dcdd99053c957faf34e763a327", "benchmarks.SmallPack.time_discharge_1cpu": "07ba66cea19ff93b549ef21d8e3a0e9282b00d59822764eb1b4ac75f74a0d9c9", "benchmarks.SmallPack.time_discharge_2cpu": "7d2cd2d77443c50c3db4ed879be8a6cc5ece070ec744f5ce5778304a5f2f1f27"}, "version": 1}