{"results": {"benchmarks.BasicBenchmark.time_solve_model": {"result": [0.6212746550000361], "stats": [{"ci_99": [0.5801275860000032, 0.6370916619999889], "q_25": 0.6160883052499386, "q_75": 0.6291920392500074, "min": 0.5801275860000032, "max": 0.6370916619999889, "mean": 0.6182354550999947, "std": 0.015718839525155383, "repeat": 10, "number": 1}]}, "benchmarks.LargePack.time_discharge_1cpu": {"result": [8.709732287000023], "stats": [{"ci_99": [7.788327637001586, 9.631136936998459], "q_25": 8.700518240500038, "q_75": 8.718946333500007, "min": 8.691304194000054, "max": 8.728160379999991, "mean": 8.709732287000023, "std": 0.018428092999968726, "repeat": 2, "number": 1}]}, "benchmarks.LargePack.time_discharge_2cpu": {"result": [5.622709603500013], "stats": [{"ci_99": [0.17575677849971783, 11.069662428500305], "q_25": 5.56824007525001, "q_75": 5.677179131750016, "min": 5.513770547000007, "max": 5.731648660000019, "mean": 5.622709603500013, "std": 0.1089390565000059, "repeat": 2, "number": 1}]}, "benchmarks.LargePack.time_long_cycle_2cpu": null, "benchmarks.MediumPack.time_discharge_1cpu": {"result": [4.965030409999997], "stats": [{"ci_99": [3.471512910002332, 6.458547909997661], "q_25": 4.9500952350000205, "q_75": 4.979965584999974, "min": 4.935160060000044, "max": 4.99490075999995, "mean": 4.965030409999997, "std": 0.029870349999953305, "repeat": 2, "number": 1}]}, "benchmarks.MediumPack.time_discharge_2cpu": {"result": [3.3866816490000247], "stats": [{"ci_99": [3.298714801840065, 3.4736843431599436], "q_25": 3.359540069750068, "q_75": 3.413341151749961, "min": 3.350881199000014, "max": 3.4205537929999537, "mean": 3.3861995725000043, "std": 0.030019588843323633, "repeat": 4, "number": 1}]}, "benchmarks.SmallPack.time_discharge_1cpu": {"result": [1.2604553859999328], "stats": [{"ci_99": [1.2326999169999908, 1.2781655060000503], "q_25": 1.2442157195000618, "q_75": 1.2710802540000543, "min": 1.2326999169999908, "max": 1.2781655060000503, "mean": 1.257770973300012, "std": 0.015946884166911146, "repeat": 10, "number": 1}]}, "benchmarks.SmallPack.time_discharge_2cpu": {"result": [1.268267273499987], "stats": [{"ci_99": [1.2625401290000582, 1.3169594969999707], "q_25": 1.2643649844999914, "q_75": 1.28292590449999, "min": 1.2625401290000582, "max": 1.3169594969999707, "mean": 1.2768188678999877, "std": 0.01695840069121377, "repeat": 10, "number": 1}]}}, "params": {"machine": "GitHubRunner", "python": "3.8"}, "requirements": {}, "commit_hash": "75c28c0775d3739a6fe58f911fcc40eeee28cdb4", "date": 1643133728000, "env_name": "virtualenv-py3.8", "python": "3.8", "profiles": {}, "started_at": {"benchmarks.BasicBenchmark.time_solve_model": 1643772203921, "benchmarks.LargePack.time_discharge_1cpu": 1643772209166, "benchmarks.LargePack.time_discharge_2cpu": 1643772227694, "benchmarks.LargePack.time_long_cycle_2cpu": 1643771563423, "benchmarks.MediumPack.time_discharge_1cpu": 1643772239986, "benchmarks.MediumPack.time_discharge_2cpu": 1643772250484, "benchmarks.SmallPack.time_discharge_1cpu": 1643772261369, "benchmarks.SmallPack.time_discharge_2cpu": 1643772269567}, "ended_at": {"benchmarks.BasicBenchmark.time_solve_model": 1643772209161, "benchmarks.LargePack.time_discharge_1cpu": 1643772227693, "benchmarks.LargePack.time_discharge_2cpu": 1643772239985, "benchmarks.LargePack.time_long_cycle_2cpu": 1643772164654, "benchmarks.MediumPack.time_discharge_1cpu": 1643772250484, "benchmarks.MediumPack.time_discharge_2cpu": 1643772261369, "benchmarks.SmallPack.time_discharge_1cpu": 1643772269567, "benchmarks.SmallPack.time_discharge_2cpu": 1643772277754}, "benchmark_version": {"benchmarks.BasicBenchmark.time_solve_model": "21dc88971553291c844a81300eeac2ae53f86ef7781bdb26086d1d57d88c8cec", "benchmarks.LargePack.time_discharge_1cpu": "5a2756f3bebd1d0e37e074eb74a0bca10c9ce960ed21316ad26e9583a10353f8", "benchmarks.LargePack.time_discharge_2cpu": "f19047f1071beb2e16eb288e9a2cb14f4b91fca1dd10a3dbe5c68078a908886d", "benchmarks.LargePack.time_long_cycle_2cpu": "886173c7f314c25dcd319de5a644065b170ce4fe889082fb1ebcead737f35d99", "benchmarks.MediumPack.time_discharge_1cpu": "b8aa492ab12a8aba37625a5c0deae1c109def02877ec79681d996a7f77cc595c", "benchmarks.MediumPack.time_discharge_2cpu": "850ba37f55027bfd05992888284a51f0f34d93dcdd99053c957faf34e763a327", "benchmarks.SmallPack.time_discharge_1cpu": "07ba66cea19ff93b549ef21d8e3a0e9282b00d59822764eb1b4ac75f74a0d9c9", "benchmarks.SmallPack.time_discharge_2cpu": "7d2cd2d77443c50c3db4ed879be8a6cc5ece070ec744f5ce5778304a5f2f1f27"}, "version": 1}