{"results": {"benchmarks.BasicBenchmark.time_solve_model": {"result": [0.5065383524999945], "stats": [{"ci_99": [0.5001427050000018, 0.5097186119999719], "q_25": 0.5014850767500043, "q_75": 0.507753599750032, "min": 0.5001427050000018, "max": 0.5097186119999719, "mean": 0.5051681180000003, "std": 0.0034990569300105048, "repeat": 10, "number": 1}]}, "benchmarks.LargePack.time_discharge_1cpu": {"result": [7.002976818000022], "stats": [{"ci_99": [6.654612968000677, 7.3513406679993665], "q_25": 6.999493179500028, "q_75": 7.006460456500015, "min": 6.996009541000035, "max": 7.009944095000009, "mean": 7.002976818000022, "std": 0.006967276999986893, "repeat": 2, "number": 1}]}, "benchmarks.LargePack.time_discharge_2cpu": {"result": [4.497719840000002], "stats": [{"ci_99": [4.39695908462723, 4.611504765872763], "q_25": 4.478753359000002, "q_75": 4.523198406249996, "min": 4.457106651999993, "max": 4.564381368999989, "mean": 4.5042319252499965, "std": 0.03936918000349604, "repeat": 4, "number": 1}]}, "benchmarks.LargePack.time_long_cycle_2cpu": null, "benchmarks.MediumPack.time_discharge_1cpu": {"result": [4.217644532500003], "stats": [{"ci_99": [3.515519582922048, 4.924155503577969], "q_25": 3.9811376540000083, "q_75": 4.4563444217500034, "min": 3.974885177000033, "max": 4.469175930999995, "mean": 4.219837543250009, "std": 0.24087804734194773, "repeat": 4, "number": 1}]}, "benchmarks.MediumPack.time_discharge_2cpu": {"result": [2.7270536124999865], "stats": [{"ci_99": [2.692146260775553, 2.7781143650000217], "q_25": 2.7155065730000274, "q_75": 2.7504317452499976, "min": 2.7026662339999916, "max": 2.7781143650000217, "mean": 2.7341283066666713, "std": 0.026113078777503674, "repeat": 6, "number": 1}]}, "benchmarks.SmallPack.time_discharge_1cpu": {"result": [1.0316488425000045], "stats": [{"ci_99": [1.0294466779999993, 1.0339016069999616], "q_25": 1.030101749499977, "q_75": 1.0331221430000141, "min": 1.0294466779999993, "max": 1.0339016069999616, "mean": 1.031610285199997, "std": 0.0016512860870657733, "repeat": 10, "number": 1}]}, "benchmarks.SmallPack.time_discharge_2cpu": {"result": [1.0407666500000232], "stats": [{"ci_99": [1.0362754859999654, 1.0439826330000415], "q_25": 1.0381345505000041, "q_75": 1.0419673895000017, "min": 1.0362754859999654, "max": 1.0439826330000415, "mean": 1.0403898773000093, "std": 0.002445286285976975, "repeat": 10, "number": 1}]}}, "params": {"machine": "GitHubRunner", "python": "3.8"}, "requirements": {}, "commit_hash": "75c28c0775d3739a6fe58f911fcc40eeee28cdb4", "date": 1643133728000, "env_name": "virtualenv-py3.8", "python": "3.8", "profiles": {}, "started_at": {"benchmarks.BasicBenchmark.time_solve_model": 1643167002052, "benchmarks.LargePack.time_discharge_1cpu": 1643167006386, "benchmarks.LargePack.time_discharge_2cpu": 1643167021238, "benchmarks.LargePack.time_long_cycle_2cpu": 1643166737204, "benchmarks.MediumPack.time_discharge_1cpu": 1643167035632, "benchmarks.MediumPack.time_discharge_2cpu": 1643167048182, "benchmarks.SmallPack.time_discharge_1cpu": 1643167059715, "benchmarks.SmallPack.time_discharge_2cpu": 1643167066390}, "ended_at": {"benchmarks.BasicBenchmark.time_solve_model": 1643167006382, "benchmarks.LargePack.time_discharge_1cpu": 1643167021237, "benchmarks.LargePack.time_discharge_2cpu": 1643167035632, "benchmarks.LargePack.time_long_cycle_2cpu": 1643166961559, "benchmarks.MediumPack.time_discharge_1cpu": 1643167048182, "benchmarks.MediumPack.time_discharge_2cpu": 1643167059714, "benchmarks.SmallPack.time_discharge_1cpu": 1643167066390, "benchmarks.SmallPack.time_discharge_2cpu": 1643167073115}, "benchmark_version": {"benchmarks.BasicBenchmark.time_solve_model": "21dc88971553291c844a81300eeac2ae53f86ef7781bdb26086d1d57d88c8cec", "benchmarks.LargePack.time_discharge_1cpu": "5a2756f3bebd1d0e37e074eb74a0bca10c9ce960ed21316ad26e9583a10353f8", "benchmarks.LargePack.time_discharge_2cpu": "f19047f1071beb2e16eb288e9a2cb14f4b91fca1dd10a3dbe5c68078a908886d", "benchmarks.LargePack.time_long_cycle_2cpu": "886173c7f314c25dcd319de5a644065b170ce4fe889082fb1ebcead737f35d99", "benchmarks.MediumPack.time_discharge_1cpu": "b8aa492ab12a8aba37625a5c0deae1c109def02877ec79681d996a7f77cc595c", "benchmarks.MediumPack.time_discharge_2cpu": "850ba37f55027bfd05992888284a51f0f34d93dcdd99053c957faf34e763a327", "benchmarks.SmallPack.time_discharge_1cpu": "07ba66cea19ff93b549ef21d8e3a0e9282b00d59822764eb1b4ac75f74a0d9c9", "benchmarks.SmallPack.time_discharge_2cpu": "7d2cd2d77443c50c3db4ed879be8a6cc5ece070ec744f5ce5778304a5f2f1f27"}, "version": 1}