{"results": {"basic_benchmarks.BasicBenchmark.time_solve_model": {"result": [0.9800229359999548], "stats": [{"ci_99": [0.9285913859999937, 1.0109645809999392], "q_25": 0.9539117704999853, "q_75": 0.9880755534999892, "min": 0.9285913859999937, "max": 1.0109645809999392, "mean": 0.9724669016999854, "std": 0.02431434883939603, "repeat": 10, "number": 1}]}, "basic_benchmarks.LargePack.time_discharge_1cpu": {"result": [11.760945973999966], "stats": [{"ci_99": [4.532128074002358, 18.989763873997568], "q_25": 11.68865779499999, "q_75": 11.833234152999943, "min": 11.616369616000014, "max": 11.905522331999919, "mean": 11.760945973999966, "std": 0.14457635799995217, "repeat": 2, "number": 1}]}, "basic_benchmarks.LargePack.time_discharge_2cpu": {"result": [7.072854511999964], "stats": [{"ci_99": [-2.4305777379984477, 16.576286761998368], "q_25": 6.97782018949998, "q_75": 7.167888834499948, "min": 6.8827858669999955, "max": 7.262923156999932, "mean": 7.072854511999964, "std": 0.19006864499996823, "repeat": 2, "number": 1}]}, "basic_benchmarks.LargePack.time_long_cycle_2cpu": null, "basic_benchmarks.MediumPack.time_discharge_1cpu": {"result": [6.7499844929999995], "stats": [{"ci_99": [5.726646093002557, 7.773322892997441], "q_25": 6.739751109000025, "q_75": 6.760217876999974, "min": 6.729517725000051, "max": 6.770451260999948, "mean": 6.7499844929999995, "std": 0.020466767999948843, "repeat": 2, "number": 1}]}, "basic_benchmarks.MediumPack.time_discharge_2cpu": {"result": [4.423334293499977], "stats": [{"ci_99": [4.2658382805107395, 4.588552052989224], "q_25": 4.374322592249968, "q_75": 4.476206867999991, "min": 4.368881912999996, "max": 4.493230166999979, "mean": 4.427195166749982, "std": 0.055331271961577375, "repeat": 4, "number": 1}]}, "basic_benchmarks.SmallPack.time_discharge_1cpu": {"result": [1.8913315334999652], "stats": [{"ci_99": [1.858524191000015, 1.92122601199992], "q_25": 1.8848230982499956, "q_75": 1.9028684847500585, "min": 1.858524191000015, "max": 1.92122601199992, "mean": 1.892292394900005, "std": 0.016438637500359267, "repeat": 10, "number": 1}]}, "basic_benchmarks.SmallPack.time_discharge_2cpu": {"result": [1.9233743219999724], "stats": [{"ci_99": [1.8962725330000012, 1.9836167889999388], "q_25": 1.9174093660000153, "q_75": 1.9452918380000028, "min": 1.8962725330000012, "max": 1.9836167889999388, "mean": 1.9294083275555574, "std": 0.024410798509311594, "repeat": 9, "number": 1}]}, "benchmarks.TimeSuite.time_iterkeys": null, "benchmarks.TimeSuite.time_keys": {"result": [6.8266161904844805e-06], "stats": [{"ci_99": [6.542327619027919e-06, 7.041632380923335e-06], "q_25": 6.690598253939357e-06, "q_75": 6.996824761894718e-06, "min": 6.542327619027919e-06, "max": 7.041632380923335e-06, "mean": 6.827847873005844e-06, "std": 1.7334646427118386e-07, "repeat": 10, "number": 1575}]}, "benchmarks.TimeSuite.time_range": {"result": [2.969811634350529e-05], "stats": [{"ci_99": [2.8771930748017513e-05, 3.149189750694149e-05], "q_25": 2.9174151662070176e-05, "q_75": 2.9946042243749583e-05, "min": 2.8771930748017513e-05, "max": 3.149189750694149e-05, "mean": 2.9714238504139073e-05, "std": 7.664739362878719e-07, "repeat": 10, "number": 361}]}, "benchmarks.MemSuite.mem_list": 2104}, "params": {"machine": "GitHubRunner", "python": "3.8"}, "requirements": {}, "commit_hash": "7ff5f38584375e55c55c97f7565a236307b0a592", "date": 1639304800000, "env_name": "virtualenv-py3.8", "python": "3.8", "profiles": {}, "started_at": {"basic_benchmarks.BasicBenchmark.time_solve_model": 1639365894476, "basic_benchmarks.LargePack.time_discharge_1cpu": 1639365902921, "basic_benchmarks.LargePack.time_discharge_2cpu": 1639365927660, "basic_benchmarks.LargePack.time_long_cycle_2cpu": 1639365235405, "basic_benchmarks.MediumPack.time_discharge_1cpu": 1639365942916, "basic_benchmarks.MediumPack.time_discharge_2cpu": 1639365957065, "basic_benchmarks.SmallPack.time_discharge_1cpu": 1639365971263, "basic_benchmarks.SmallPack.time_discharge_2cpu": 1639365983609, "benchmarks.TimeSuite.time_iterkeys": 1639365894006, "benchmarks.TimeSuite.time_keys": 1639365996264, "benchmarks.TimeSuite.time_range": 1639365996470, "benchmarks.MemSuite.mem_list": 1639365996108}, "ended_at": {"basic_benchmarks.BasicBenchmark.time_solve_model": 1639365902914, "basic_benchmarks.LargePack.time_discharge_1cpu": 1639365927660, "basic_benchmarks.LargePack.time_discharge_2cpu": 1639365942916, "basic_benchmarks.LargePack.time_long_cycle_2cpu": 1639365836527, "basic_benchmarks.MediumPack.time_discharge_1cpu": 1639365957065, "basic_benchmarks.MediumPack.time_discharge_2cpu": 1639365971262, "basic_benchmarks.SmallPack.time_discharge_1cpu": 1639365983609, "basic_benchmarks.SmallPack.time_discharge_2cpu": 1639365996107, "benchmarks.TimeSuite.time_iterkeys": 1639365894061, "benchmarks.TimeSuite.time_keys": 1639365996470, "benchmarks.TimeSuite.time_range": 1639365996676, "benchmarks.MemSuite.mem_list": 1639365996263}, "benchmark_version": {"basic_benchmarks.BasicBenchmark.time_solve_model": "21dc88971553291c844a81300eeac2ae53f86ef7781bdb26086d1d57d88c8cec", "basic_benchmarks.LargePack.time_discharge_1cpu": "5a2756f3bebd1d0e37e074eb74a0bca10c9ce960ed21316ad26e9583a10353f8", "basic_benchmarks.LargePack.time_discharge_2cpu": "f19047f1071beb2e16eb288e9a2cb14f4b91fca1dd10a3dbe5c68078a908886d", "basic_benchmarks.LargePack.time_long_cycle_2cpu": "886173c7f314c25dcd319de5a644065b170ce4fe889082fb1ebcead737f35d99", "basic_benchmarks.MediumPack.time_discharge_1cpu": "b8aa492ab12a8aba37625a5c0deae1c109def02877ec79681d996a7f77cc595c", "basic_benchmarks.MediumPack.time_discharge_2cpu": "850ba37f55027bfd05992888284a51f0f34d93dcdd99053c957faf34e763a327", "basic_benchmarks.SmallPack.time_discharge_1cpu": "07ba66cea19ff93b549ef21d8e3a0e9282b00d59822764eb1b4ac75f74a0d9c9", "basic_benchmarks.SmallPack.time_discharge_2cpu": "7d2cd2d77443c50c3db4ed879be8a6cc5ece070ec744f5ce5778304a5f2f1f27", "benchmarks.TimeSuite.time_iterkeys": "435552618e257984493fe7ec8599f14feace6164fd38fd5e52ba908e16460dc7", "benchmarks.TimeSuite.time_keys": "a8700d8a3cfd71fbba4d1369e0ddffef01717c428b7bea4cc829c5a1a0243ac0", "benchmarks.TimeSuite.time_range": "72a6802b5ba2270cc4af88ddbd67e3c44fe4f4c8b292257438a394167fbb158b", "benchmarks.MemSuite.mem_list": "abe86bab484550a681c61d7bb6eb081fbd37eb6d5009eba1df85c935530577b9"}, "version": 1}