{"results": {"benchmarks.BasicBenchmark.time_solve_model": {"result": [0.8450233695000406], "stats": [{"ci_99": [0.8314075889999231, 0.8674840019999692], "q_25": 0.8419748850000346, "q_75": 0.8491049022500263, "min": 0.8314075889999231, "max": 0.8674840019999692, "mean": 0.8473881386000102, "std": 0.010700958021373788, "repeat": 10, "number": 1}]}, "benchmarks.LargePack.time_discharge_1cpu": {"result": [10.721237877500002], "stats": [{"ci_99": [8.490682802500217, 12.951792952499785], "q_25": 10.698932326750004, "q_75": 10.74354342825, "min": 10.676626776000006, "max": 10.765848978999998, "mean": 10.721237877500002, "std": 0.0446111014999957, "repeat": 2, "number": 1}]}, "benchmarks.LargePack.time_discharge_2cpu": {"result": [6.600814486500042], "stats": [{"ci_99": [6.599804961498137, 6.601824011501947], "q_25": 6.600804391250023, "q_75": 6.600824581750061, "min": 6.600794296000004, "max": 6.60083467700008, "mean": 6.600814486500042, "std": 2.0190500038097525e-05, "repeat": 2, "number": 1}]}, "benchmarks.LargePack.time_long_cycle_2cpu": null, "benchmarks.MediumPack.time_discharge_1cpu": {"result": [6.270680426500007], "stats": [{"ci_99": [5.912787651497297, 6.628573201502718], "q_25": 6.26710149874998, "q_75": 6.2742593542500344, "min": 6.263522570999953, "max": 6.2778382820000616, "mean": 6.270680426500007, "std": 0.007157855500054211, "repeat": 2, "number": 1}]}, "benchmarks.MediumPack.time_discharge_2cpu": {"result": [4.080707578500039], "stats": [{"ci_99": [4.037892380979519, 4.11888166852051], "q_25": 4.071850850750025, "q_75": 4.087243752500029, "min": 4.055352758000026, "max": 4.096780183999954, "mean": 4.078387024750015, "std": 0.015018317737509869, "repeat": 4, "number": 1}]}, "benchmarks.SmallPack.time_discharge_1cpu": {"result": [1.7342782354999713], "stats": [{"ci_99": [1.7172950549999086, 1.8096018019999747], "q_25": 1.7260028635000424, "q_75": 1.7495963597500293, "min": 1.7172950549999086, "max": 1.8096018019999747, "mean": 1.7426855599000077, "std": 0.02520741039195776, "repeat": 10, "number": 1}]}, "benchmarks.SmallPack.time_discharge_2cpu": {"result": [1.7603663020000226], "stats": [{"ci_99": [1.7390849700000217, 1.7771072020000247], "q_25": 1.747689761250001, "q_75": 1.7709558184999707, "min": 1.7390849700000217, "max": 1.7771072020000247, "mean": 1.7587230599000123, "std": 0.013513227543546533, "repeat": 10, "number": 1}]}}, "params": {"machine": "GitHubRunner", "python": "3.8"}, "requirements": {}, "commit_hash": "82ab00ad257ccb2bc8dbcb71bc08baa30fa9ed43", "date": 1639676821000, "env_name": "virtualenv-py3.8", "python": "3.8", "profiles": {}, "started_at": {"benchmarks.BasicBenchmark.time_solve_model": 1641007609175, "benchmarks.LargePack.time_discharge_1cpu": 1641007616186, "benchmarks.LargePack.time_discharge_2cpu": 1641007638717, "benchmarks.LargePack.time_long_cycle_2cpu": 1641006957498, "benchmarks.MediumPack.time_discharge_1cpu": 1641007652571, "benchmarks.MediumPack.time_discharge_2cpu": 1641007665671, "benchmarks.SmallPack.time_discharge_1cpu": 1641007678573, "benchmarks.SmallPack.time_discharge_2cpu": 1641007689615}, "ended_at": {"benchmarks.BasicBenchmark.time_solve_model": 1641007616181, "benchmarks.LargePack.time_discharge_1cpu": 1641007638716, "benchmarks.LargePack.time_discharge_2cpu": 1641007652570, "benchmarks.LargePack.time_long_cycle_2cpu": 1641007558641, "benchmarks.MediumPack.time_discharge_1cpu": 1641007665670, "benchmarks.MediumPack.time_discharge_2cpu": 1641007678572, "benchmarks.SmallPack.time_discharge_1cpu": 1641007689615, "benchmarks.SmallPack.time_discharge_2cpu": 1641007700906}, "benchmark_version": {"benchmarks.BasicBenchmark.time_solve_model": "21dc88971553291c844a81300eeac2ae53f86ef7781bdb26086d1d57d88c8cec", "benchmarks.LargePack.time_discharge_1cpu": "5a2756f3bebd1d0e37e074eb74a0bca10c9ce960ed21316ad26e9583a10353f8", "benchmarks.LargePack.time_discharge_2cpu": "f19047f1071beb2e16eb288e9a2cb14f4b91fca1dd10a3dbe5c68078a908886d", "benchmarks.LargePack.time_long_cycle_2cpu": "886173c7f314c25dcd319de5a644065b170ce4fe889082fb1ebcead737f35d99", "benchmarks.MediumPack.time_discharge_1cpu": "b8aa492ab12a8aba37625a5c0deae1c109def02877ec79681d996a7f77cc595c", "benchmarks.MediumPack.time_discharge_2cpu": "850ba37f55027bfd05992888284a51f0f34d93dcdd99053c957faf34e763a327", "benchmarks.SmallPack.time_discharge_1cpu": "07ba66cea19ff93b549ef21d8e3a0e9282b00d59822764eb1b4ac75f74a0d9c9", "benchmarks.SmallPack.time_discharge_2cpu": "7d2cd2d77443c50c3db4ed879be8a6cc5ece070ec744f5ce5778304a5f2f1f27"}, "version": 1}