{"results": {"benchmarks.BasicBenchmark.time_solve_model": {"result": [0.5566332884999952], "stats": [{"ci_99": [0.5468059849999918, 0.5752334720000079], "q_25": 0.5501962077500018, "q_75": 0.5586214610000013, "min": 0.5468059849999918, "max": 0.5752334720000079, "mean": 0.5562901210999953, "std": 0.007960059626265063, "repeat": 10, "number": 1}]}, "benchmarks.LargePack.time_discharge_1cpu": {"result": [7.794493829999965], "stats": [{"ci_99": [6.273871880001252, 9.315115779998676], "q_25": 7.779287610499978, "q_75": 7.809700049499952, "min": 7.764081390999991, "max": 7.824906268999939, "mean": 7.794493829999965, "std": 0.030412438999974256, "repeat": 2, "number": 1}]}, "benchmarks.LargePack.time_discharge_2cpu": {"result": [4.947944592500008], "stats": [{"ci_99": [3.4229368174996324, 6.4729523675003815], "q_25": 4.932694514750004, "q_75": 4.963194670250012, "min": 4.917444437, "max": 4.978444748000015, "mean": 4.947944592500008, "std": 0.03050015550000751, "repeat": 2, "number": 1}]}, "benchmarks.LargePack.time_long_cycle_2cpu": null, "benchmarks.MediumPack.time_discharge_1cpu": {"result": [4.43367362150002], "stats": [{"ci_99": [4.403306997384712, 4.460181058615282], "q_25": 4.425053153249991, "q_75": 4.440364496250027, "min": 4.417271846999938, "max": 4.44235702200001, "mean": 4.431744027999997, "std": 0.010027070115695966, "repeat": 4, "number": 1}]}, "benchmarks.MediumPack.time_discharge_2cpu": {"result": [3.0124430700000175], "stats": [{"ci_99": [2.981448371443638, 3.0639168909999626], "q_25": 3.0069608932500103, "q_75": 3.021804113249999, "min": 2.9825757009999734, "max": 3.0639168909999626, "mean": 3.016906115666662, "std": 0.024538808646619777, "repeat": 6, "number": 1}]}, "benchmarks.SmallPack.time_discharge_1cpu": {"result": [1.1368501959999548], "stats": [{"ci_99": [1.1343945969999822, 1.1757128790000024], "q_25": 1.135852799500043, "q_75": 1.1383312757500335, "min": 1.1343945969999822, "max": 1.1757128790000024, "mean": 1.1410035984999922, "std": 0.011753525814967173, "repeat": 10, "number": 1}]}, "benchmarks.SmallPack.time_discharge_2cpu": {"result": [1.1450888365000083], "stats": [{"ci_99": [1.1444408300000077, 1.1519605980000733], "q_25": 1.1448949542499633, "q_75": 1.1463922377500069, "min": 1.1444408300000077, "max": 1.1519605980000733, "mean": 1.1461483705000206, "std": 0.002273441876667447, "repeat": 10, "number": 1}]}}, "params": {"machine": "GitHubRunner", "python": "3.8"}, "requirements": {}, "commit_hash": "82ab00ad257ccb2bc8dbcb71bc08baa30fa9ed43", "date": 1639676821000, "env_name": "virtualenv-py3.8", "python": "3.8", "profiles": {}, "started_at": {"benchmarks.BasicBenchmark.time_solve_model": 1643081038782, "benchmarks.LargePack.time_discharge_1cpu": 1643081043540, "benchmarks.LargePack.time_discharge_2cpu": 1643081059998, "benchmarks.LargePack.time_long_cycle_2cpu": 1643080394894, "benchmarks.MediumPack.time_discharge_1cpu": 1643081070679, "benchmarks.MediumPack.time_discharge_2cpu": 1643081084630, "benchmarks.SmallPack.time_discharge_1cpu": 1643081097415, "benchmarks.SmallPack.time_discharge_2cpu": 1643081104792}, "ended_at": {"benchmarks.BasicBenchmark.time_solve_model": 1643081043536, "benchmarks.LargePack.time_discharge_1cpu": 1643081059997, "benchmarks.LargePack.time_discharge_2cpu": 1643081070679, "benchmarks.LargePack.time_long_cycle_2cpu": 1643080995774, "benchmarks.MediumPack.time_discharge_1cpu": 1643081084629, "benchmarks.MediumPack.time_discharge_2cpu": 1643081097415, "benchmarks.SmallPack.time_discharge_1cpu": 1643081104792, "benchmarks.SmallPack.time_discharge_2cpu": 1643081112169}, "benchmark_version": {"benchmarks.BasicBenchmark.time_solve_model": "21dc88971553291c844a81300eeac2ae53f86ef7781bdb26086d1d57d88c8cec", "benchmarks.LargePack.time_discharge_1cpu": "5a2756f3bebd1d0e37e074eb74a0bca10c9ce960ed21316ad26e9583a10353f8", "benchmarks.LargePack.time_discharge_2cpu": "f19047f1071beb2e16eb288e9a2cb14f4b91fca1dd10a3dbe5c68078a908886d", "benchmarks.LargePack.time_long_cycle_2cpu": "886173c7f314c25dcd319de5a644065b170ce4fe889082fb1ebcead737f35d99", "benchmarks.MediumPack.time_discharge_1cpu": "b8aa492ab12a8aba37625a5c0deae1c109def02877ec79681d996a7f77cc595c", "benchmarks.MediumPack.time_discharge_2cpu": "850ba37f55027bfd05992888284a51f0f34d93dcdd99053c957faf34e763a327", "benchmarks.SmallPack.time_discharge_1cpu": "07ba66cea19ff93b549ef21d8e3a0e9282b00d59822764eb1b4ac75f74a0d9c9", "benchmarks.SmallPack.time_discharge_2cpu": "7d2cd2d77443c50c3db4ed879be8a6cc5ece070ec744f5ce5778304a5f2f1f27"}, "version": 1}