{"results": {"benchmarks.BasicBenchmark.time_solve_model": {"result": [0.8678155215000061], "stats": [{"ci_99": [0.8061515670000006, 0.9036356159999741], "q_25": 0.8445648817499816, "q_75": 0.8784145280000075, "min": 0.8061515670000006, "max": 0.9036356159999741, "mean": 0.8622502968999868, "std": 0.028879116937839133, "repeat": 10, "number": 1}]}, "benchmarks.LargePack.time_discharge_1cpu": {"result": [12.015074860500022], "stats": [{"ci_99": [10.165480735497681, 13.86466898550236], "q_25": 11.996578919249998, "q_75": 12.033570801750045, "min": 11.978082977999975, "max": 12.052066743000069, "mean": 12.015074860500022, "std": 0.03699188250004681, "repeat": 2, "number": 1}]}, "benchmarks.LargePack.time_discharge_2cpu": {"result": [7.059764844499995], "stats": [{"ci_99": [6.884194219500529, 7.235335469499461], "q_25": 7.05800913825, "q_75": 7.061520550749989, "min": 7.056253432000005, "max": 7.063276256999984, "mean": 7.059764844499995, "std": 0.0035114124999893193, "repeat": 2, "number": 1}]}, "benchmarks.LargePack.time_long_cycle_2cpu": null, "benchmarks.MediumPack.time_discharge_1cpu": {"result": [6.742401274999963], "stats": [{"ci_99": [-1.8722040750016617, 15.357006625001581], "q_25": 6.656255221499947, "q_75": 6.82854732849998, "min": 6.570109167999931, "max": 6.914693381999996, "mean": 6.742401274999963, "std": 0.1722921070000325, "repeat": 2, "number": 1}]}, "benchmarks.MediumPack.time_discharge_2cpu": {"result": [4.302872407499933], "stats": [{"ci_99": [4.1255746348210405, 4.544255987678846], "q_25": 4.277121394249917, "q_75": 4.3606663244999595, "min": 4.263508492999904, "max": 4.4704079370000045, "mean": 4.334915311249944, "std": 0.08125683913728145, "repeat": 4, "number": 1}]}, "benchmarks.SmallPack.time_discharge_1cpu": {"result": [1.7667831580000666], "stats": [{"ci_99": [1.7461195629999793, 1.8586169960000234], "q_25": 1.7539636097500022, "q_75": 1.800092941999992, "min": 1.7461195629999793, "max": 1.8586169960000234, "mean": 1.7805295260000207, "std": 0.03350683140143539, "repeat": 10, "number": 1}]}, "benchmarks.SmallPack.time_discharge_2cpu": {"result": [1.8006310269999517], "stats": [{"ci_99": [1.728172427000004, 1.9196769010000025], "q_25": 1.784569928499991, "q_75": 1.861982698249932, "min": 1.728172427000004, "max": 1.9196769010000025, "mean": 1.8159297097999798, "std": 0.05557944931822917, "repeat": 10, "number": 1}]}}, "params": {"machine": "GitHubRunner", "python": "3.8"}, "requirements": {}, "commit_hash": "82ab00ad257ccb2bc8dbcb71bc08baa30fa9ed43", "date": 1639676821000, "env_name": "virtualenv-py3.8", "python": "3.8", "profiles": {}, "started_at": {"benchmarks.BasicBenchmark.time_solve_model": 1642821571911, "benchmarks.LargePack.time_discharge_1cpu": 1642821579271, "benchmarks.LargePack.time_discharge_2cpu": 1642821603907, "benchmarks.LargePack.time_long_cycle_2cpu": 1642821187532, "benchmarks.MediumPack.time_discharge_1cpu": 1642821618858, "benchmarks.MediumPack.time_discharge_2cpu": 1642821632808, "benchmarks.SmallPack.time_discharge_1cpu": 1642821646250, "benchmarks.SmallPack.time_discharge_2cpu": 1642821657544}, "ended_at": {"benchmarks.BasicBenchmark.time_solve_model": 1642821579266, "benchmarks.LargePack.time_discharge_1cpu": 1642821603907, "benchmarks.LargePack.time_discharge_2cpu": 1642821618857, "benchmarks.LargePack.time_long_cycle_2cpu": 1642821518433, "benchmarks.MediumPack.time_discharge_1cpu": 1642821632807, "benchmarks.MediumPack.time_discharge_2cpu": 1642821646250, "benchmarks.SmallPack.time_discharge_1cpu": 1642821657544, "benchmarks.SmallPack.time_discharge_2cpu": 1642821669036}, "benchmark_version": {"benchmarks.BasicBenchmark.time_solve_model": "21dc88971553291c844a81300eeac2ae53f86ef7781bdb26086d1d57d88c8cec", "benchmarks.LargePack.time_discharge_1cpu": "5a2756f3bebd1d0e37e074eb74a0bca10c9ce960ed21316ad26e9583a10353f8", "benchmarks.LargePack.time_discharge_2cpu": "f19047f1071beb2e16eb288e9a2cb14f4b91fca1dd10a3dbe5c68078a908886d", "benchmarks.LargePack.time_long_cycle_2cpu": "886173c7f314c25dcd319de5a644065b170ce4fe889082fb1ebcead737f35d99", "benchmarks.MediumPack.time_discharge_1cpu": "b8aa492ab12a8aba37625a5c0deae1c109def02877ec79681d996a7f77cc595c", "benchmarks.MediumPack.time_discharge_2cpu": "850ba37f55027bfd05992888284a51f0f34d93dcdd99053c957faf34e763a327", "benchmarks.SmallPack.time_discharge_1cpu": "07ba66cea19ff93b549ef21d8e3a0e9282b00d59822764eb1b4ac75f74a0d9c9", "benchmarks.SmallPack.time_discharge_2cpu": "7d2cd2d77443c50c3db4ed879be8a6cc5ece070ec744f5ce5778304a5f2f1f27"}, "version": 1}