{"results": {"benchmarks.BasicBenchmark.time_solve_model": {"result": [0.9716598665000191], "stats": [{"ci_99": [0.9639380439999741, 1.0147066070000221], "q_25": 0.968219034250005, "q_75": 0.9924322435000192, "min": 0.9639380439999741, "max": 1.0147066070000221, "mean": 0.9821917440000021, "std": 0.018378530448774067, "repeat": 10, "number": 1}]}, "benchmarks.LargePack.time_discharge_1cpu": {"result": [11.602201669000038], "stats": [{"ci_99": [6.001556068998042, 17.20284726900203], "q_25": 11.546195213000018, "q_75": 11.658208125000058, "min": 11.490188756999999, "max": 11.714214581000078, "mean": 11.602201669000038, "std": 0.11201291200003993, "repeat": 2, "number": 1}]}, "benchmarks.LargePack.time_discharge_2cpu": {"result": [6.754420297500033], "stats": [{"ci_99": [6.641830222498172, 6.867010372501895], "q_25": 6.7532943967500145, "q_75": 6.755546198250052, "min": 6.752168495999996, "max": 6.75667209900007, "mean": 6.754420297500033, "std": 0.0022518015000372316, "repeat": 2, "number": 1}]}, "benchmarks.LargePack.time_long_cycle_2cpu": null, "benchmarks.MediumPack.time_discharge_1cpu": {"result": [6.647533619499995], "stats": [{"ci_99": [4.677749694499994, 8.617317544499995], "q_25": 6.627835780249995, "q_75": 6.6672314587499955, "min": 6.608137940999995, "max": 6.6869292979999955, "mean": 6.647533619499995, "std": 0.03939567850000003, "repeat": 2, "number": 1}]}, "benchmarks.MediumPack.time_discharge_2cpu": {"result": [4.386938097999973], "stats": [{"ci_99": [4.324750103524523, 4.443042605475468], "q_25": 4.3716175844999725, "q_75": 4.399216867999996, "min": 4.352505951000012, "max": 4.409203271000024, "mean": 4.383896354499996, "std": 0.021239737238681455, "repeat": 4, "number": 1}]}, "benchmarks.SmallPack.time_discharge_1cpu": {"result": [1.9474469940000176], "stats": [{"ci_99": [1.8866800030000377, 1.9768471109999837], "q_25": 1.923087823749995, "q_75": 1.974691621250031, "min": 1.8866800030000377, "max": 1.9768471109999837, "mean": 1.9430017167500182, "std": 0.03163741796269501, "repeat": 8, "number": 1}]}, "benchmarks.SmallPack.time_discharge_2cpu": {"result": [1.9343243790000315], "stats": [{"ci_99": [1.9067105340000126, 2.0238080670000045], "q_25": 1.910718989999964, "q_75": 1.9647499829999333, "min": 1.9067105340000126, "max": 2.0238080670000045, "mean": 1.9433392725555525, "std": 0.03665538583379181, "repeat": 9, "number": 1}]}}, "params": {"machine": "GitHubRunner", "python": "3.8"}, "requirements": {}, "commit_hash": "82ab00ad257ccb2bc8dbcb71bc08baa30fa9ed43", "date": 1639676821000, "env_name": "virtualenv-py3.8", "python": "3.8", "profiles": {}, "started_at": {"benchmarks.BasicBenchmark.time_solve_model": 1640402738030, "benchmarks.LargePack.time_discharge_1cpu": 1640402746103, "benchmarks.LargePack.time_discharge_2cpu": 1640402770385, "benchmarks.LargePack.time_long_cycle_2cpu": 1640402084282, "benchmarks.MediumPack.time_discharge_1cpu": 1640402784829, "benchmarks.MediumPack.time_discharge_2cpu": 1640402798674, "benchmarks.SmallPack.time_discharge_1cpu": 1640402812522, "benchmarks.SmallPack.time_discharge_2cpu": 1640402822759}, "ended_at": {"benchmarks.BasicBenchmark.time_solve_model": 1640402746095, "benchmarks.LargePack.time_discharge_1cpu": 1640402770384, "benchmarks.LargePack.time_discharge_2cpu": 1640402784828, "benchmarks.LargePack.time_long_cycle_2cpu": 1640402685374, "benchmarks.MediumPack.time_discharge_1cpu": 1640402798674, "benchmarks.MediumPack.time_discharge_2cpu": 1640402812521, "benchmarks.SmallPack.time_discharge_1cpu": 1640402822759, "benchmarks.SmallPack.time_discharge_2cpu": 1640402833251}, "benchmark_version": {"benchmarks.BasicBenchmark.time_solve_model": "21dc88971553291c844a81300eeac2ae53f86ef7781bdb26086d1d57d88c8cec", "benchmarks.LargePack.time_discharge_1cpu": "5a2756f3bebd1d0e37e074eb74a0bca10c9ce960ed21316ad26e9583a10353f8", "benchmarks.LargePack.time_discharge_2cpu": "f19047f1071beb2e16eb288e9a2cb14f4b91fca1dd10a3dbe5c68078a908886d", "benchmarks.LargePack.time_long_cycle_2cpu": "886173c7f314c25dcd319de5a644065b170ce4fe889082fb1ebcead737f35d99", "benchmarks.MediumPack.time_discharge_1cpu": "b8aa492ab12a8aba37625a5c0deae1c109def02877ec79681d996a7f77cc595c", "benchmarks.MediumPack.time_discharge_2cpu": "850ba37f55027bfd05992888284a51f0f34d93dcdd99053c957faf34e763a327", "benchmarks.SmallPack.time_discharge_1cpu": "07ba66cea19ff93b549ef21d8e3a0e9282b00d59822764eb1b4ac75f74a0d9c9", "benchmarks.SmallPack.time_discharge_2cpu": "7d2cd2d77443c50c3db4ed879be8a6cc5ece070ec744f5ce5778304a5f2f1f27"}, "version": 1}