{"results": {"benchmarks.BasicBenchmark.time_solve_model": {"result": [0.9974756949999914], "stats": [{"ci_99": [0.9819028059999937, 1.026049626999992], "q_25": 0.9878304890000109, "q_75": 1.0065922222499921, "min": 0.9819028059999937, "max": 1.026049626999992, "mean": 0.9985383603999963, "std": 0.012579530300118304, "repeat": 10, "number": 1}]}, "benchmarks.LargePack.time_discharge_1cpu": {"result": [11.605737570999992], "stats": [{"ci_99": [10.718929471001132, 12.492545670998851], "q_25": 11.596869490000003, "q_75": 11.61460565199998, "min": 11.588001409000015, "max": 11.623473732999969, "mean": 11.605737570999992, "std": 0.017736161999977185, "repeat": 2, "number": 1}]}, "benchmarks.LargePack.time_discharge_2cpu": {"result": [6.989127145500021], "stats": [{"ci_99": [5.198613470499794, 8.779640820500246], "q_25": 6.9712220087500185, "q_75": 7.007032282250023, "min": 6.953316872000016, "max": 7.024937419000025, "mean": 6.989127145500021, "std": 0.03581027350000454, "repeat": 2, "number": 1}]}, "benchmarks.LargePack.time_long_cycle_2cpu": null, "benchmarks.MediumPack.time_discharge_1cpu": {"result": [6.717403487999945], "stats": [{"ci_99": [6.703605088000813, 6.731201887999077], "q_25": 6.717265503999954, "q_75": 6.717541471999937, "min": 6.717127519999963, "max": 6.717679455999928, "mean": 6.717403487999945, "std": 0.0002759679999826403, "repeat": 2, "number": 1}]}, "benchmarks.MediumPack.time_discharge_2cpu": {"result": [4.381537165500049], "stats": [{"ci_99": [4.308314686409225, 4.44180659609078], "q_25": 4.360721123000047, "q_75": 4.395876683750004, "min": 4.3390350109999645, "max": 4.398133222999945, "mean": 4.375060641250002, "std": 0.02389200876479876, "repeat": 4, "number": 1}]}, "benchmarks.SmallPack.time_discharge_1cpu": {"result": [1.9344769549999796], "stats": [{"ci_99": [1.9082595369999353, 1.9552980949999892], "q_25": 1.9220745459999478, "q_75": 1.9375023542500287, "min": 1.9082595369999353, "max": 1.9552980949999892, "mean": 1.9304523348749854, "std": 0.014665684376691931, "repeat": 8, "number": 1}]}, "benchmarks.SmallPack.time_discharge_2cpu": {"result": [1.9523923890000106], "stats": [{"ci_99": [1.9188984620000156, 1.9737506330000087], "q_25": 1.9440330232499718, "q_75": 1.9639778905000185, "min": 1.9188984620000156, "max": 1.9737506330000087, "mean": 1.952270228499998, "std": 0.016854116099028135, "repeat": 8, "number": 1}]}}, "params": {"machine": "GitHubRunner", "python": "3.8"}, "requirements": {}, "commit_hash": "82ab00ad257ccb2bc8dbcb71bc08baa30fa9ed43", "date": 1639676821000, "env_name": "virtualenv-py3.8", "python": "3.8", "profiles": {}, "started_at": {"benchmarks.BasicBenchmark.time_solve_model": 1639970508375, "benchmarks.LargePack.time_discharge_1cpu": 1639970516554, "benchmarks.LargePack.time_discharge_2cpu": 1639970540843, "benchmarks.LargePack.time_long_cycle_2cpu": 1639970069142, "benchmarks.MediumPack.time_discharge_1cpu": 1639970555898, "benchmarks.MediumPack.time_discharge_2cpu": 1639970570002, "benchmarks.SmallPack.time_discharge_1cpu": 1639970583914, "benchmarks.SmallPack.time_discharge_2cpu": 1639970594204}, "ended_at": {"benchmarks.BasicBenchmark.time_solve_model": 1639970516545, "benchmarks.LargePack.time_discharge_1cpu": 1639970540843, "benchmarks.LargePack.time_discharge_2cpu": 1639970555897, "benchmarks.LargePack.time_long_cycle_2cpu": 1639970457607, "benchmarks.MediumPack.time_discharge_1cpu": 1639970570002, "benchmarks.MediumPack.time_discharge_2cpu": 1639970583914, "benchmarks.SmallPack.time_discharge_1cpu": 1639970594204, "benchmarks.SmallPack.time_discharge_2cpu": 1639970604594}, "benchmark_version": {"benchmarks.BasicBenchmark.time_solve_model": "21dc88971553291c844a81300eeac2ae53f86ef7781bdb26086d1d57d88c8cec", "benchmarks.LargePack.time_discharge_1cpu": "5a2756f3bebd1d0e37e074eb74a0bca10c9ce960ed21316ad26e9583a10353f8", "benchmarks.LargePack.time_discharge_2cpu": "f19047f1071beb2e16eb288e9a2cb14f4b91fca1dd10a3dbe5c68078a908886d", "benchmarks.LargePack.time_long_cycle_2cpu": "886173c7f314c25dcd319de5a644065b170ce4fe889082fb1ebcead737f35d99", "benchmarks.MediumPack.time_discharge_1cpu": "b8aa492ab12a8aba37625a5c0deae1c109def02877ec79681d996a7f77cc595c", "benchmarks.MediumPack.time_discharge_2cpu": "850ba37f55027bfd05992888284a51f0f34d93dcdd99053c957faf34e763a327", "benchmarks.SmallPack.time_discharge_1cpu": "07ba66cea19ff93b549ef21d8e3a0e9282b00d59822764eb1b4ac75f74a0d9c9", "benchmarks.SmallPack.time_discharge_2cpu": "7d2cd2d77443c50c3db4ed879be8a6cc5ece070ec744f5ce5778304a5f2f1f27"}, "version": 1}