{"results": {"benchmarks.BasicBenchmark.time_solve_model": {"result": [0.6532060680000029], "stats": [{"ci_99": [0.6299497239999994, 0.680145868000011], "q_25": 0.64485389499999, "q_75": 0.6711303762500123, "min": 0.6299497239999994, "max": 0.680145868000011, "mean": 0.6551896146000047, "std": 0.016813105276202656, "repeat": 10, "number": 1}]}, "benchmarks.LargePack.time_discharge_1cpu": {"result": [8.640339316499961], "stats": [{"ci_99": [8.102252241498292, 9.178426391501631], "q_25": 8.634958445749945, "q_75": 8.645720187249978, "min": 8.629577574999928, "max": 8.651101057999995, "mean": 8.640339316499961, "std": 0.010761741500033395, "repeat": 2, "number": 1}]}, "benchmarks.LargePack.time_discharge_2cpu": {"result": [5.754515290000043], "stats": [{"ci_99": [-0.49481551000214097, 12.003846090002222], "q_25": 5.692021982000021, "q_75": 5.817008598000065, "min": 5.6295286739999995, "max": 5.879501906000087, "mean": 5.754515290000043, "std": 0.12498661600004368, "repeat": 2, "number": 1}]}, "benchmarks.LargePack.time_long_cycle_2cpu": null, "benchmarks.MediumPack.time_discharge_1cpu": {"result": [5.181794972000063], "stats": [{"ci_99": [4.314835121998016, 6.048754822002109], "q_25": 5.173125373500042, "q_75": 5.190464570500083, "min": 5.164455775000022, "max": 5.199134169000104, "mean": 5.181794972000063, "std": 0.01733919700004094, "repeat": 2, "number": 1}]}, "benchmarks.MediumPack.time_discharge_2cpu": {"result": [3.5849261804999912], "stats": [{"ci_99": [3.5411166672652423, 3.6240735172347627], "q_25": 3.5734029289999967, "q_75": 3.5941183437499973, "min": 3.5610431540000036, "max": 3.599484854000025, "mean": 3.5825950922500027, "std": 0.014749885810522957, "repeat": 4, "number": 1}]}, "benchmarks.SmallPack.time_discharge_1cpu": {"result": [1.2879512425000144], "stats": [{"ci_99": [1.2367242539999097, 1.351053802000024], "q_25": 1.2506547722500017, "q_75": 1.3419666580000467, "min": 1.2367242539999097, "max": 1.351053802000024, "mean": 1.2930747732000043, "std": 0.044288971184924975, "repeat": 10, "number": 1}]}, "benchmarks.SmallPack.time_discharge_2cpu": {"result": [1.3664068950000114], "stats": [{"ci_99": [1.3322377150000193, 1.402930948000062], "q_25": 1.3550141879999558, "q_75": 1.3815965802499761, "min": 1.3322377150000193, "max": 1.402930948000062, "mean": 1.3675483823999912, "std": 0.019755180221198154, "repeat": 10, "number": 1}]}}, "params": {"machine": "GitHubRunner", "python": "3.8"}, "requirements": {}, "commit_hash": "82ab00ad257ccb2bc8dbcb71bc08baa30fa9ed43", "date": 1639676821000, "env_name": "virtualenv-py3.8", "python": "3.8", "profiles": {}, "started_at": {"benchmarks.BasicBenchmark.time_solve_model": 1642994450789, "benchmarks.LargePack.time_discharge_1cpu": 1642994456342, "benchmarks.LargePack.time_discharge_2cpu": 1642994474361, "benchmarks.LargePack.time_long_cycle_2cpu": 1642994132033, "benchmarks.MediumPack.time_discharge_1cpu": 1642994486650, "benchmarks.MediumPack.time_discharge_2cpu": 1642994497596, "benchmarks.SmallPack.time_discharge_1cpu": 1642994508983, "benchmarks.SmallPack.time_discharge_2cpu": 1642994517367}, "ended_at": {"benchmarks.BasicBenchmark.time_solve_model": 1642994456338, "benchmarks.LargePack.time_discharge_1cpu": 1642994474360, "benchmarks.LargePack.time_discharge_2cpu": 1642994486649, "benchmarks.LargePack.time_long_cycle_2cpu": 1642994409957, "benchmarks.MediumPack.time_discharge_1cpu": 1642994497595, "benchmarks.MediumPack.time_discharge_2cpu": 1642994508982, "benchmarks.SmallPack.time_discharge_1cpu": 1642994517367, "benchmarks.SmallPack.time_discharge_2cpu": 1642994526202}, "benchmark_version": {"benchmarks.BasicBenchmark.time_solve_model": "21dc88971553291c844a81300eeac2ae53f86ef7781bdb26086d1d57d88c8cec", "benchmarks.LargePack.time_discharge_1cpu": "5a2756f3bebd1d0e37e074eb74a0bca10c9ce960ed21316ad26e9583a10353f8", "benchmarks.LargePack.time_discharge_2cpu": "f19047f1071beb2e16eb288e9a2cb14f4b91fca1dd10a3dbe5c68078a908886d", "benchmarks.LargePack.time_long_cycle_2cpu": "886173c7f314c25dcd319de5a644065b170ce4fe889082fb1ebcead737f35d99", "benchmarks.MediumPack.time_discharge_1cpu": "b8aa492ab12a8aba37625a5c0deae1c109def02877ec79681d996a7f77cc595c", "benchmarks.MediumPack.time_discharge_2cpu": "850ba37f55027bfd05992888284a51f0f34d93dcdd99053c957faf34e763a327", "benchmarks.SmallPack.time_discharge_1cpu": "07ba66cea19ff93b549ef21d8e3a0e9282b00d59822764eb1b4ac75f74a0d9c9", "benchmarks.SmallPack.time_discharge_2cpu": "7d2cd2d77443c50c3db4ed879be8a6cc5ece070ec744f5ce5778304a5f2f1f27"}, "version": 1}