{"results": {"benchmarks.BasicBenchmark.time_solve_model": {"result": [0.8893631429999829], "stats": [{"ci_99": [0.8430609529999913, 0.926507160999904], "q_25": 0.8566190685000095, "q_75": 0.9220543014999691, "min": 0.8430609529999913, "max": 0.926507160999904, "mean": 0.8884543514999848, "std": 0.034819785972493175, "repeat": 10, "number": 1}]}, "benchmarks.LargePack.time_discharge_1cpu": {"result": [10.084055924499978], "stats": [{"ci_99": [-7.914495150501523, 28.082606999501465], "q_25": 9.904070413749963, "q_75": 10.264041435249993, "min": 9.724084902999948, "max": 10.444026946000008, "mean": 10.084055924499978, "std": 0.35997102150003, "repeat": 2, "number": 1}]}, "benchmarks.LargePack.time_discharge_2cpu": {"result": [6.111051551499969], "stats": [{"ci_99": [6.0066727765007215, 6.215430326499217], "q_25": 6.110007763749977, "q_75": 6.1120953392499615, "min": 6.108963975999984, "max": 6.113139126999954, "mean": 6.111051551499969, "std": 0.0020875754999849505, "repeat": 2, "number": 1}]}, "benchmarks.LargePack.time_long_cycle_2cpu": null, "benchmarks.MediumPack.time_discharge_1cpu": {"result": [5.976265024500037], "stats": [{"ci_99": [0.8813251494979681, 11.071204899502103], "q_25": 5.925315625750017, "q_75": 6.027214423250058, "min": 5.874366226999996, "max": 6.078163822000079, "mean": 5.976265024500037, "std": 0.10189879750004138, "repeat": 2, "number": 1}]}, "benchmarks.MediumPack.time_discharge_2cpu": {"result": [3.943222633000005], "stats": [{"ci_99": [3.7157148791088255, 4.242628425891145], "q_25": 3.908583623999988, "q_75": 4.013810661500003, "min": 3.884067660000028, "max": 4.146173683999905, "mean": 3.9791716524999856, "std": 0.1011436086979599, "repeat": 4, "number": 1}]}, "benchmarks.SmallPack.time_discharge_1cpu": {"result": [1.7906714949999696], "stats": [{"ci_99": [1.7436705129999837, 1.919592544000011], "q_25": 1.7653339372500056, "q_75": 1.8044595414999662, "min": 1.7436705129999837, "max": 1.919592544000011, "mean": 1.7988437223000004, "std": 0.05205336463804038, "repeat": 10, "number": 1}]}, "benchmarks.SmallPack.time_discharge_2cpu": {"result": [1.7800378640000076], "stats": [{"ci_99": [1.7639458579999427, 1.8160512189999736], "q_25": 1.7744009504999667, "q_75": 1.7919088079999597, "min": 1.7639458579999427, "max": 1.8160512189999736, "mean": 1.7846237122999695, "std": 0.01522190866829138, "repeat": 10, "number": 1}]}}, "params": {"machine": "GitHubRunner", "python": "3.8"}, "requirements": {}, "commit_hash": "82ab00ad257ccb2bc8dbcb71bc08baa30fa9ed43", "date": 1639676821000, "env_name": "virtualenv-py3.8", "python": "3.8", "profiles": {}, "started_at": {"benchmarks.BasicBenchmark.time_solve_model": 1640056832888, "benchmarks.LargePack.time_discharge_1cpu": 1640056840444, "benchmarks.LargePack.time_discharge_2cpu": 1640056862218, "benchmarks.LargePack.time_long_cycle_2cpu": 1640056472608, "benchmarks.MediumPack.time_discharge_1cpu": 1640056875418, "benchmarks.MediumPack.time_discharge_2cpu": 1640056888111, "benchmarks.SmallPack.time_discharge_1cpu": 1640056900601, "benchmarks.SmallPack.time_discharge_2cpu": 1640056911988}, "ended_at": {"benchmarks.BasicBenchmark.time_solve_model": 1640056840438, "benchmarks.LargePack.time_discharge_1cpu": 1640056862218, "benchmarks.LargePack.time_discharge_2cpu": 1640056875417, "benchmarks.LargePack.time_long_cycle_2cpu": 1640056782658, "benchmarks.MediumPack.time_discharge_1cpu": 1640056888110, "benchmarks.MediumPack.time_discharge_2cpu": 1640056900600, "benchmarks.SmallPack.time_discharge_1cpu": 1640056911987, "benchmarks.SmallPack.time_discharge_2cpu": 1640056923272}, "benchmark_version": {"benchmarks.BasicBenchmark.time_solve_model": "21dc88971553291c844a81300eeac2ae53f86ef7781bdb26086d1d57d88c8cec", "benchmarks.LargePack.time_discharge_1cpu": "5a2756f3bebd1d0e37e074eb74a0bca10c9ce960ed21316ad26e9583a10353f8", "benchmarks.LargePack.time_discharge_2cpu": "f19047f1071beb2e16eb288e9a2cb14f4b91fca1dd10a3dbe5c68078a908886d", "benchmarks.LargePack.time_long_cycle_2cpu": "886173c7f314c25dcd319de5a644065b170ce4fe889082fb1ebcead737f35d99", "benchmarks.MediumPack.time_discharge_1cpu": "b8aa492ab12a8aba37625a5c0deae1c109def02877ec79681d996a7f77cc595c", "benchmarks.MediumPack.time_discharge_2cpu": "850ba37f55027bfd05992888284a51f0f34d93dcdd99053c957faf34e763a327", "benchmarks.SmallPack.time_discharge_1cpu": "07ba66cea19ff93b549ef21d8e3a0e9282b00d59822764eb1b4ac75f74a0d9c9", "benchmarks.SmallPack.time_discharge_2cpu": "7d2cd2d77443c50c3db4ed879be8a6cc5ece070ec744f5ce5778304a5f2f1f27"}, "version": 1}