{"results": {"benchmarks.BasicBenchmark.time_solve_model": {"result": [0.5193201889999699], "stats": [{"ci_99": [0.4779493789999947, 0.5580795910000234], "q_25": 0.48086167449999095, "q_75": 0.5561472775000027, "min": 0.4779493789999947, "max": 0.5580795910000234, "mean": 0.5184468696999971, "std": 0.03778832222569698, "repeat": 10, "number": 1}]}, "benchmarks.LargePack.time_discharge_1cpu": {"result": [7.322748738499996], "stats": [{"ci_99": [-18.640076536500516, 33.28557401350049], "q_25": 7.063120485749991, "q_75": 7.582376991250001, "min": 6.803492232999986, "max": 7.842005244000006, "mean": 7.322748738499996, "std": 0.5192565055000102, "repeat": 2, "number": 1}]}, "benchmarks.LargePack.time_discharge_2cpu": {"result": [4.3887848045000055], "stats": [{"ci_99": [4.241066389259356, 4.593116934240657], "q_25": 4.36451302175, "q_75": 4.441363444500013, "min": 4.361820571999999, "max": 4.528976466000017, "mean": 4.417091661750007, "std": 0.06758027610403869, "repeat": 4, "number": 1}]}, "benchmarks.LargePack.time_long_cycle_2cpu": null, "benchmarks.MediumPack.time_discharge_1cpu": {"result": [4.014151668500006], "stats": [{"ci_99": [3.9764603455290026, 4.061055854470967], "q_25": 4.005862527000033, "q_75": 4.027047241499957, "min": 4.004115447000004, "max": 4.042613615999926, "mean": 4.018758099999985, "std": 0.015368151442232941, "repeat": 4, "number": 1}]}, "benchmarks.MediumPack.time_discharge_2cpu": {"result": [2.7277172459999974], "stats": [{"ci_99": [2.678216331000044, 2.7760958450125153], "q_25": 2.714010832250011, "q_75": 2.753664804999943, "min": 2.678216331000044, "max": 2.7646845329999223, "mean": 2.7283485624999835, "std": 0.029458946416320173, "repeat": 6, "number": 1}]}, "benchmarks.SmallPack.time_discharge_1cpu": {"result": [1.0125308670000663], "stats": [{"ci_99": [1.003014660999952, 1.029421778000028], "q_25": 1.0062239509999813, "q_75": 1.0202406729999893, "min": 1.003014660999952, "max": 1.029421778000028, "mean": 1.0140397638999956, "std": 0.00902266027085237, "repeat": 10, "number": 1}]}, "benchmarks.SmallPack.time_discharge_2cpu": {"result": [1.0274875344999828], "stats": [{"ci_99": [1.0187990539999419, 1.15394862200003], "q_25": 1.0249219482499825, "q_75": 1.1221337934999838, "min": 1.0187990539999419, "max": 1.15394862200003, "mean": 1.063942637199989, "std": 0.05819925510512339, "repeat": 10, "number": 1}]}}, "params": {"machine": "GitHubRunner", "python": "3.8"}, "requirements": {}, "commit_hash": "82ab00ad257ccb2bc8dbcb71bc08baa30fa9ed43", "date": 1639676821000, "env_name": "virtualenv-py3.8", "python": "3.8", "profiles": {}, "started_at": {"benchmarks.BasicBenchmark.time_solve_model": 1641785159125, "benchmarks.LargePack.time_discharge_1cpu": 1641785163901, "benchmarks.LargePack.time_discharge_2cpu": 1641785180358, "benchmarks.LargePack.time_long_cycle_2cpu": 1641784518620, "benchmarks.MediumPack.time_discharge_1cpu": 1641785194699, "benchmarks.MediumPack.time_discharge_2cpu": 1641785207343, "benchmarks.SmallPack.time_discharge_1cpu": 1641785218924, "benchmarks.SmallPack.time_discharge_2cpu": 1641785225549}, "ended_at": {"benchmarks.BasicBenchmark.time_solve_model": 1641785163893, "benchmarks.LargePack.time_discharge_1cpu": 1641785180357, "benchmarks.LargePack.time_discharge_2cpu": 1641785194699, "benchmarks.LargePack.time_long_cycle_2cpu": 1641785119560, "benchmarks.MediumPack.time_discharge_1cpu": 1641785207342, "benchmarks.MediumPack.time_discharge_2cpu": 1641785218924, "benchmarks.SmallPack.time_discharge_1cpu": 1641785225548, "benchmarks.SmallPack.time_discharge_2cpu": 1641785232723}, "benchmark_version": {"benchmarks.BasicBenchmark.time_solve_model": "21dc88971553291c844a81300eeac2ae53f86ef7781bdb26086d1d57d88c8cec", "benchmarks.LargePack.time_discharge_1cpu": "5a2756f3bebd1d0e37e074eb74a0bca10c9ce960ed21316ad26e9583a10353f8", "benchmarks.LargePack.time_discharge_2cpu": "f19047f1071beb2e16eb288e9a2cb14f4b91fca1dd10a3dbe5c68078a908886d", "benchmarks.LargePack.time_long_cycle_2cpu": "886173c7f314c25dcd319de5a644065b170ce4fe889082fb1ebcead737f35d99", "benchmarks.MediumPack.time_discharge_1cpu": "b8aa492ab12a8aba37625a5c0deae1c109def02877ec79681d996a7f77cc595c", "benchmarks.MediumPack.time_discharge_2cpu": "850ba37f55027bfd05992888284a51f0f34d93dcdd99053c957faf34e763a327", "benchmarks.SmallPack.time_discharge_1cpu": "07ba66cea19ff93b549ef21d8e3a0e9282b00d59822764eb1b4ac75f74a0d9c9", "benchmarks.SmallPack.time_discharge_2cpu": "7d2cd2d77443c50c3db4ed879be8a6cc5ece070ec744f5ce5778304a5f2f1f27"}, "version": 1}