{"results": {"benchmarks.BasicBenchmark.time_solve_model": {"result": [0.9676155725000086], "stats": [{"ci_99": [0.9461290929999961, 1.0052789129999837], "q_25": 0.9656807470000075, "q_75": 0.9717513352500475, "min": 0.9461290929999961, "max": 1.0052789129999837, "mean": 0.9706039744000066, "std": 0.015557761882773885, "repeat": 10, "number": 1}]}, "benchmarks.LargePack.time_discharge_1cpu": {"result": [11.324469825499975], "stats": [{"ci_99": [-1.1331489995010742, 23.782088650501013], "q_25": 11.199893637249964, "q_75": 11.449046013749985, "min": 11.075317448999954, "max": 11.573622201999996, "mean": 11.324469825499975, "std": 0.24915237650002098, "repeat": 2, "number": 1}]}, "benchmarks.LargePack.time_discharge_2cpu": {"result": [6.8991209659999555], "stats": [{"ci_99": [3.8877947660020453, 9.910447165997862], "q_25": 6.869007703999976, "q_75": 6.929234227999935, "min": 6.838894441999997, "max": 6.959347489999914, "mean": 6.8991209659999555, "std": 0.060226523999958204, "repeat": 2, "number": 1}]}, "benchmarks.LargePack.time_long_cycle_2cpu": null, "benchmarks.MediumPack.time_discharge_1cpu": {"result": [6.370272781500034], "stats": [{"ci_99": [2.1774051065010553, 10.56314045649901], "q_25": 6.328344104750045, "q_75": 6.412201458250024, "min": 6.286415428000055, "max": 6.454130135000014, "mean": 6.370272781500034, "std": 0.08385735349997958, "repeat": 2, "number": 1}]}, "benchmarks.MediumPack.time_discharge_2cpu": {"result": [4.271309251500043], "stats": [{"ci_99": [4.149371176083719, 4.386118816916279], "q_25": 4.247072497250031, "q_75": 4.291981750750011, "min": 4.203500377999944, "max": 4.324861104999968, "mean": 4.267744996499999, "std": 0.04359960530132371, "repeat": 4, "number": 1}]}, "benchmarks.SmallPack.time_discharge_1cpu": {"result": [1.8594375209999612], "stats": [{"ci_99": [1.819344701000091, 1.9663730739999892], "q_25": 1.8523660012499477, "q_75": 1.8855369792499914, "min": 1.819344701000091, "max": 1.9663730739999892, "mean": 1.876234275299987, "std": 0.045417653608088984, "repeat": 10, "number": 1}]}, "benchmarks.SmallPack.time_discharge_2cpu": {"result": [1.8569456489999538], "stats": [{"ci_99": [1.8182551979999744, 1.9127420620000066], "q_25": 1.8371032155000364, "q_75": 1.8880124199999955, "min": 1.8182551979999744, "max": 1.9127420620000066, "mean": 1.86037865400001, "std": 0.03209856058126282, "repeat": 10, "number": 1}]}}, "params": {"machine": "GitHubRunner", "python": "3.8"}, "requirements": {}, "commit_hash": "82ab00ad257ccb2bc8dbcb71bc08baa30fa9ed43", "date": 1639676821000, "env_name": "virtualenv-py3.8", "python": "3.8", "profiles": {}, "started_at": {"benchmarks.BasicBenchmark.time_solve_model": 1639797982194, "benchmarks.LargePack.time_discharge_1cpu": 1639797990102, "benchmarks.LargePack.time_discharge_2cpu": 1639798013132, "benchmarks.LargePack.time_long_cycle_2cpu": 1639797328734, "benchmarks.MediumPack.time_discharge_1cpu": 1639798027736, "benchmarks.MediumPack.time_discharge_2cpu": 1639798041256, "benchmarks.SmallPack.time_discharge_1cpu": 1639798054808, "benchmarks.SmallPack.time_discharge_2cpu": 1639798066907}, "ended_at": {"benchmarks.BasicBenchmark.time_solve_model": 1639797990095, "benchmarks.LargePack.time_discharge_1cpu": 1639798013131, "benchmarks.LargePack.time_discharge_2cpu": 1639798027735, "benchmarks.LargePack.time_long_cycle_2cpu": 1639797929888, "benchmarks.MediumPack.time_discharge_1cpu": 1639798041255, "benchmarks.MediumPack.time_discharge_2cpu": 1639798054808, "benchmarks.SmallPack.time_discharge_1cpu": 1639798066907, "benchmarks.SmallPack.time_discharge_2cpu": 1639798078950}, "benchmark_version": {"benchmarks.BasicBenchmark.time_solve_model": "21dc88971553291c844a81300eeac2ae53f86ef7781bdb26086d1d57d88c8cec", "benchmarks.LargePack.time_discharge_1cpu": "5a2756f3bebd1d0e37e074eb74a0bca10c9ce960ed21316ad26e9583a10353f8", "benchmarks.LargePack.time_discharge_2cpu": "f19047f1071beb2e16eb288e9a2cb14f4b91fca1dd10a3dbe5c68078a908886d", "benchmarks.LargePack.time_long_cycle_2cpu": "886173c7f314c25dcd319de5a644065b170ce4fe889082fb1ebcead737f35d99", "benchmarks.MediumPack.time_discharge_1cpu": "b8aa492ab12a8aba37625a5c0deae1c109def02877ec79681d996a7f77cc595c", "benchmarks.MediumPack.time_discharge_2cpu": "850ba37f55027bfd05992888284a51f0f34d93dcdd99053c957faf34e763a327", "benchmarks.SmallPack.time_discharge_1cpu": "07ba66cea19ff93b549ef21d8e3a0e9282b00d59822764eb1b4ac75f74a0d9c9", "benchmarks.SmallPack.time_discharge_2cpu": "7d2cd2d77443c50c3db4ed879be8a6cc5ece070ec744f5ce5778304a5f2f1f27"}, "version": 1}