{"results": {"benchmarks.BasicBenchmark.time_solve_model": {"result": [0.8453044194999961], "stats": [{"ci_99": [0.7956697120000058, 0.8642300879999993], "q_25": 0.8279825147499906, "q_75": 0.8575721012499571, "min": 0.7956697120000058, "max": 0.8642300879999993, "mean": 0.8412329186999898, "std": 0.020928351206289914, "repeat": 10, "number": 1}]}, "benchmarks.LargePack.time_discharge_1cpu": {"result": [10.835362936999985], "stats": [{"ci_99": [-0.19977791299945125, 21.870503786999414], "q_25": 10.72501152849999, "q_75": 10.94571434549998, "min": 10.614660119999996, "max": 11.056065753999974, "mean": 10.835362936999985, "std": 0.22070281699998873, "repeat": 2, "number": 1}]}, "benchmarks.LargePack.time_discharge_2cpu": {"result": [6.464821810000018], "stats": [{"ci_99": [-1.1402495399981092, 14.069893159998138], "q_25": 6.388771096500037, "q_75": 6.540872523499999, "min": 6.312720383000055, "max": 6.61692323699998, "mean": 6.464821810000018, "std": 0.15210142699996254, "repeat": 2, "number": 1}]}, "benchmarks.LargePack.time_long_cycle_2cpu": null, "benchmarks.MediumPack.time_discharge_1cpu": {"result": [6.12848534699998], "stats": [{"ci_99": [4.297014147002244, 7.959956546997715], "q_25": 6.110170635000003, "q_75": 6.146800058999958, "min": 6.0918559230000255, "max": 6.165114770999935, "mean": 6.12848534699998, "std": 0.036629423999954724, "repeat": 2, "number": 1}]}, "benchmarks.MediumPack.time_discharge_2cpu": {"result": [3.9242151925000144], "stats": [{"ci_99": [3.834925628400425, 4.043508610099524], "q_25": 3.9072231877499632, "q_75": 3.9562091240000257, "min": 3.905952389999925, "max": 4.0024857019999445, "mean": 3.9392171192499745, "std": 0.03907875224888406, "repeat": 4, "number": 1}]}, "benchmarks.SmallPack.time_discharge_1cpu": {"result": [1.7583086474999732], "stats": [{"ci_99": [1.695505644999912, 1.7951452949999975], "q_25": 1.7417278417499347, "q_75": 1.7622829127499529, "min": 1.695505644999912, "max": 1.7951452949999975, "mean": 1.7502122912999538, "std": 0.025648260492043242, "repeat": 10, "number": 1}]}, "benchmarks.SmallPack.time_discharge_2cpu": {"result": [1.768971848499973], "stats": [{"ci_99": [1.727582130000087, 1.8181282419999434], "q_25": 1.7466263567499993, "q_75": 1.7869874727499848, "min": 1.727582130000087, "max": 1.8181282419999434, "mean": 1.7689703452999992, "std": 0.026990611573073912, "repeat": 10, "number": 1}]}}, "params": {"machine": "GitHubRunner", "python": "3.8"}, "requirements": {}, "commit_hash": "82ab00ad257ccb2bc8dbcb71bc08baa30fa9ed43", "date": 1639676821000, "env_name": "virtualenv-py3.8", "python": "3.8", "profiles": {}, "started_at": {"benchmarks.BasicBenchmark.time_solve_model": 1641871358746, "benchmarks.LargePack.time_discharge_1cpu": 1641871365948, "benchmarks.LargePack.time_discharge_2cpu": 1641871388775, "benchmarks.LargePack.time_long_cycle_2cpu": 1641870989242, "benchmarks.MediumPack.time_discharge_1cpu": 1641871402168, "benchmarks.MediumPack.time_discharge_2cpu": 1641871415017, "benchmarks.SmallPack.time_discharge_1cpu": 1641871427352, "benchmarks.SmallPack.time_discharge_2cpu": 1641871438388}, "ended_at": {"benchmarks.BasicBenchmark.time_solve_model": 1641871365935, "benchmarks.LargePack.time_discharge_1cpu": 1641871388775, "benchmarks.LargePack.time_discharge_2cpu": 1641871402167, "benchmarks.LargePack.time_long_cycle_2cpu": 1641871308245, "benchmarks.MediumPack.time_discharge_1cpu": 1641871415017, "benchmarks.MediumPack.time_discharge_2cpu": 1641871427352, "benchmarks.SmallPack.time_discharge_1cpu": 1641871438388, "benchmarks.SmallPack.time_discharge_2cpu": 1641871449726}, "benchmark_version": {"benchmarks.BasicBenchmark.time_solve_model": "21dc88971553291c844a81300eeac2ae53f86ef7781bdb26086d1d57d88c8cec", "benchmarks.LargePack.time_discharge_1cpu": "5a2756f3bebd1d0e37e074eb74a0bca10c9ce960ed21316ad26e9583a10353f8", "benchmarks.LargePack.time_discharge_2cpu": "f19047f1071beb2e16eb288e9a2cb14f4b91fca1dd10a3dbe5c68078a908886d", "benchmarks.LargePack.time_long_cycle_2cpu": "886173c7f314c25dcd319de5a644065b170ce4fe889082fb1ebcead737f35d99", "benchmarks.MediumPack.time_discharge_1cpu": "b8aa492ab12a8aba37625a5c0deae1c109def02877ec79681d996a7f77cc595c", "benchmarks.MediumPack.time_discharge_2cpu": "850ba37f55027bfd05992888284a51f0f34d93dcdd99053c957faf34e763a327", "benchmarks.SmallPack.time_discharge_1cpu": "07ba66cea19ff93b549ef21d8e3a0e9282b00d59822764eb1b4ac75f74a0d9c9", "benchmarks.SmallPack.time_discharge_2cpu": "7d2cd2d77443c50c3db4ed879be8a6cc5ece070ec744f5ce5778304a5f2f1f27"}, "version": 1}