{"results": {"benchmarks.BasicBenchmark.time_solve_model": {"result": [0.5317161420000076], "stats": [{"ci_99": [0.5010519850000037, 0.5551973940000039], "q_25": 0.5040938637499863, "q_75": 0.5534479412500275, "min": 0.5010519850000037, "max": 0.5551973940000039, "mean": 0.5291442172000018, "std": 0.024549849605204475, "repeat": 10, "number": 1}]}, "benchmarks.LargePack.time_discharge_1cpu": {"result": [7.63586681850002], "stats": [{"ci_99": [2.1782368435010966, 13.09349679349894], "q_25": 7.581290518750031, "q_75": 7.690443118250009, "min": 7.526714219000041, "max": 7.745019417999998, "mean": 7.63586681850002, "std": 0.10915259949997846, "repeat": 2, "number": 1}]}, "benchmarks.LargePack.time_discharge_2cpu": {"result": [4.5916507529999535], "stats": [{"ci_99": [3.890240501264948, 5.40026412940173], "q_25": 4.551089165500002, "q_75": 4.712614683999988, "min": 4.510527578000051, "max": 4.833578615000022, "mean": 4.645252315333342, "std": 0.13722326999000378, "repeat": 3, "number": 1}]}, "benchmarks.LargePack.time_long_cycle_2cpu": null, "benchmarks.MediumPack.time_discharge_1cpu": {"result": [4.367177745000021], "stats": [{"ci_99": [4.343234567443083, 4.392618067056909], "q_25": 4.359916857249999, "q_75": 4.375187205000017, "min": 4.358941215999948, "max": 4.378408562999994, "mean": 4.367926317249996, "std": 0.008484358975970092, "repeat": 4, "number": 1}]}, "benchmarks.MediumPack.time_discharge_2cpu": {"result": [2.739436218999998], "stats": [{"ci_99": [2.721097650828547, 2.7647171145047884], "q_25": 2.735744554500016, "q_75": 2.752915826749998, "min": 2.723264314000005, "max": 2.7633845149999843, "mean": 2.7429073826666674, "std": 0.013441652813201546, "repeat": 6, "number": 1}]}, "benchmarks.SmallPack.time_discharge_1cpu": {"result": [1.143416088500004], "stats": [{"ci_99": [1.1390585829999509, 1.1467098990000295], "q_25": 1.1412161655000546, "q_75": 1.1445600325000242, "min": 1.1390585829999509, "max": 1.1467098990000295, "mean": 1.1429215030000137, "std": 0.002387594781023101, "repeat": 10, "number": 1}]}, "benchmarks.SmallPack.time_discharge_2cpu": {"result": [1.0502343304999613], "stats": [{"ci_99": [1.0469550390000677, 1.056903301000034], "q_25": 1.0489042135000233, "q_75": 1.0506249020000098, "min": 1.0469550390000677, "max": 1.056903301000034, "mean": 1.0507316361000107, "std": 0.003065550816931758, "repeat": 10, "number": 1}]}}, "params": {"machine": "GitHubRunner", "python": "3.8"}, "requirements": {}, "commit_hash": "82ab00ad257ccb2bc8dbcb71bc08baa30fa9ed43", "date": 1639676821000, "env_name": "virtualenv-py3.8", "python": "3.8", "profiles": {}, "started_at": {"benchmarks.BasicBenchmark.time_solve_model": 1642303216441, "benchmarks.LargePack.time_discharge_1cpu": 1642303221119, "benchmarks.LargePack.time_discharge_2cpu": 1642303236524, "benchmarks.LargePack.time_long_cycle_2cpu": 1642302945053, "benchmarks.MediumPack.time_discharge_1cpu": 1642303251416, "benchmarks.MediumPack.time_discharge_2cpu": 1642303265111, "benchmarks.SmallPack.time_discharge_1cpu": 1642303276740, "benchmarks.SmallPack.time_discharge_2cpu": 1642303284118}, "ended_at": {"benchmarks.BasicBenchmark.time_solve_model": 1642303221115, "benchmarks.LargePack.time_discharge_1cpu": 1642303236524, "benchmarks.LargePack.time_discharge_2cpu": 1642303251415, "benchmarks.LargePack.time_long_cycle_2cpu": 1642303175391, "benchmarks.MediumPack.time_discharge_1cpu": 1642303265110, "benchmarks.MediumPack.time_discharge_2cpu": 1642303276740, "benchmarks.SmallPack.time_discharge_1cpu": 1642303284117, "benchmarks.SmallPack.time_discharge_2cpu": 1642303290991}, "benchmark_version": {"benchmarks.BasicBenchmark.time_solve_model": "21dc88971553291c844a81300eeac2ae53f86ef7781bdb26086d1d57d88c8cec", "benchmarks.LargePack.time_discharge_1cpu": "5a2756f3bebd1d0e37e074eb74a0bca10c9ce960ed21316ad26e9583a10353f8", "benchmarks.LargePack.time_discharge_2cpu": "f19047f1071beb2e16eb288e9a2cb14f4b91fca1dd10a3dbe5c68078a908886d", "benchmarks.LargePack.time_long_cycle_2cpu": "886173c7f314c25dcd319de5a644065b170ce4fe889082fb1ebcead737f35d99", "benchmarks.MediumPack.time_discharge_1cpu": "b8aa492ab12a8aba37625a5c0deae1c109def02877ec79681d996a7f77cc595c", "benchmarks.MediumPack.time_discharge_2cpu": "850ba37f55027bfd05992888284a51f0f34d93dcdd99053c957faf34e763a327", "benchmarks.SmallPack.time_discharge_1cpu": "07ba66cea19ff93b549ef21d8e3a0e9282b00d59822764eb1b4ac75f74a0d9c9", "benchmarks.SmallPack.time_discharge_2cpu": "7d2cd2d77443c50c3db4ed879be8a6cc5ece070ec744f5ce5778304a5f2f1f27"}, "version": 1}