{"results": {"benchmarks.BasicBenchmark.time_solve_model": {"result": [0.6286332255000104], "stats": [{"ci_99": [0.6253757740000196, 0.635082200999932], "q_25": 0.6259728529999862, "q_75": 0.6324033322500213, "min": 0.6253757740000196, "max": 0.635082200999932, "mean": 0.6293169708999926, "std": 0.0036277127078408913, "repeat": 10, "number": 1}]}, "benchmarks.LargePack.time_discharge_1cpu": {"result": [7.82194814650002], "stats": [{"ci_99": [4.54589272149893, 11.098003571501106], "q_25": 7.789187592250009, "q_75": 7.854708700750031, "min": 7.756427037999998, "max": 7.887469255000042, "mean": 7.82194814650002, "std": 0.0655211085000218, "repeat": 2, "number": 1}]}, "benchmarks.LargePack.time_discharge_2cpu": {"result": [4.967818464500013], "stats": [{"ci_99": [4.403136989499885, 5.532499939500141], "q_25": 4.962171649750012, "q_75": 4.973465279250014, "min": 4.95652483500001, "max": 4.9791120940000155, "mean": 4.967818464500013, "std": 0.011293629500002567, "repeat": 2, "number": 1}]}, "benchmarks.LargePack.time_long_cycle_2cpu": null, "benchmarks.MediumPack.time_discharge_1cpu": {"result": [4.478257987999996], "stats": [{"ci_99": [4.4478159515548565, 4.5130125244451795], "q_25": 4.476378817500006, "q_75": 4.483371533500019, "min": 4.474499647000016, "max": 4.488485079000043, "mean": 4.4804142380000185, "std": 0.005909604476544422, "repeat": 3, "number": 1}]}, "benchmarks.MediumPack.time_discharge_2cpu": {"result": [3.0645910739999636], "stats": [{"ci_99": [3.0294695289999254, 3.0985713153594747], "q_25": 3.0568756167500624, "q_75": 3.0800978334999343, "min": 3.0294695289999254, "max": 3.093993175000037, "mean": 3.065369233833318, "std": 0.020776215673084, "repeat": 6, "number": 1}]}, "benchmarks.SmallPack.time_discharge_1cpu": {"result": [1.229740197500007], "stats": [{"ci_99": [1.225896081999963, 1.2342204289999472], "q_25": 1.2276754002499786, "q_75": 1.23201053775, "min": 1.225896081999963, "max": 1.2342204289999472, "mean": 1.2298513066999817, "std": 0.0025664392158901905, "repeat": 10, "number": 1}]}, "benchmarks.SmallPack.time_discharge_2cpu": {"result": [1.2411575649999804], "stats": [{"ci_99": [1.2371953379999923, 1.2458425250000573], "q_25": 1.2386111300000096, "q_75": 1.2417168122500186, "min": 1.2371953379999923, "max": 1.2458425250000573, "mean": 1.2406909574999987, "std": 0.0024793776803168728, "repeat": 10, "number": 1}]}}, "params": {"machine": "GitHubRunner", "python": "3.8"}, "requirements": {}, "commit_hash": "82ab00ad257ccb2bc8dbcb71bc08baa30fa9ed43", "date": 1639676821000, "env_name": "virtualenv-py3.8", "python": "3.8", "profiles": {}, "started_at": {"benchmarks.BasicBenchmark.time_solve_model": 1639711070984, "benchmarks.LargePack.time_discharge_1cpu": 1639711076229, "benchmarks.LargePack.time_discharge_2cpu": 1639711092734, "benchmarks.LargePack.time_long_cycle_2cpu": 1639710773696, "benchmarks.MediumPack.time_discharge_1cpu": 1639711103417, "benchmarks.MediumPack.time_discharge_2cpu": 1639711117517, "benchmarks.SmallPack.time_discharge_1cpu": 1639711130555, "benchmarks.SmallPack.time_discharge_2cpu": 1639711138493}, "ended_at": {"benchmarks.BasicBenchmark.time_solve_model": 1639711076224, "benchmarks.LargePack.time_discharge_1cpu": 1639711092734, "benchmarks.LargePack.time_discharge_2cpu": 1639711103416, "benchmarks.LargePack.time_long_cycle_2cpu": 1639711030501, "benchmarks.MediumPack.time_discharge_1cpu": 1639711117517, "benchmarks.MediumPack.time_discharge_2cpu": 1639711130555, "benchmarks.SmallPack.time_discharge_1cpu": 1639711138493, "benchmarks.SmallPack.time_discharge_2cpu": 1639711146471}, "benchmark_version": {"benchmarks.BasicBenchmark.time_solve_model": "21dc88971553291c844a81300eeac2ae53f86ef7781bdb26086d1d57d88c8cec", "benchmarks.LargePack.time_discharge_1cpu": "5a2756f3bebd1d0e37e074eb74a0bca10c9ce960ed21316ad26e9583a10353f8", "benchmarks.LargePack.time_discharge_2cpu": "f19047f1071beb2e16eb288e9a2cb14f4b91fca1dd10a3dbe5c68078a908886d", "benchmarks.LargePack.time_long_cycle_2cpu": "886173c7f314c25dcd319de5a644065b170ce4fe889082fb1ebcead737f35d99", "benchmarks.MediumPack.time_discharge_1cpu": "b8aa492ab12a8aba37625a5c0deae1c109def02877ec79681d996a7f77cc595c", "benchmarks.MediumPack.time_discharge_2cpu": "850ba37f55027bfd05992888284a51f0f34d93dcdd99053c957faf34e763a327", "benchmarks.SmallPack.time_discharge_1cpu": "07ba66cea19ff93b549ef21d8e3a0e9282b00d59822764eb1b4ac75f74a0d9c9", "benchmarks.SmallPack.time_discharge_2cpu": "7d2cd2d77443c50c3db4ed879be8a6cc5ece070ec744f5ce5778304a5f2f1f27"}, "version": 1}