{"results": {"benchmarks.BasicBenchmark.time_solve_model": {"result": [0.5543674444999738], "stats": [{"ci_99": [0.5474994599999832, 0.5630034109999542], "q_25": 0.5515258824999947, "q_75": 0.5574764012499713, "min": 0.5474994599999832, "max": 0.5630034109999542, "mean": 0.5544827883999801, "std": 0.0047342373003156305, "repeat": 10, "number": 1}]}, "benchmarks.LargePack.time_discharge_1cpu": {"result": [7.721913868499968], "stats": [{"ci_99": [4.992343993500441, 10.451483743499493], "q_25": 7.6946181697499725, "q_75": 7.749209567249963, "min": 7.667322470999977, "max": 7.776505265999958, "mean": 7.721913868499968, "std": 0.054591397499990535, "repeat": 2, "number": 1}]}, "benchmarks.LargePack.time_discharge_2cpu": {"result": [4.86401807750002], "stats": [{"ci_99": [3.705677352498526, 6.022358802501514], "q_25": 4.852434670250005, "q_75": 4.875601484750035, "min": 4.8408512629999905, "max": 4.88718489200005, "mean": 4.86401807750002, "std": 0.023166814500029886, "repeat": 2, "number": 1}]}, "benchmarks.LargePack.time_long_cycle_2cpu": null, "benchmarks.MediumPack.time_discharge_1cpu": {"result": [4.394153817499955], "stats": [{"ci_99": [4.372318654739989, 4.424796106759994], "q_25": 4.391378935499972, "q_75": 4.401332262749975, "min": 4.389893043000029, "max": 4.416028845000028, "mean": 4.398557380749992, "std": 0.010362173532434783, "repeat": 4, "number": 1}]}, "benchmarks.MediumPack.time_discharge_2cpu": {"result": [2.7969375154999625], "stats": [{"ci_99": [2.6921729680259134, 2.9254962569999634], "q_25": 2.743853389750001, "q_75": 2.842729461000033, "min": 2.7278685479999467, "max": 2.9254962569999634, "mean": 2.8052319933333174, "std": 0.06925582729706015, "repeat": 6, "number": 1}]}, "benchmarks.SmallPack.time_discharge_1cpu": {"result": [1.099484774499956], "stats": [{"ci_99": [1.038144396000007, 1.1512625499999558], "q_25": 1.0410466657500024, "q_75": 1.1472821019999628, "min": 1.038144396000007, "max": 1.1512625499999558, "mean": 1.095190726399983, "std": 0.053225764528414286, "repeat": 10, "number": 1}]}, "benchmarks.SmallPack.time_discharge_2cpu": {"result": [1.1600961905000418], "stats": [{"ci_99": [1.0650220390000413, 1.1704842130000088], "q_25": 1.158522224249964, "q_75": 1.1619260262500006, "min": 1.0650220390000413, "max": 1.1704842130000088, "mean": 1.1523283659000185, "std": 0.029385856731116464, "repeat": 10, "number": 1}]}}, "params": {"machine": "GitHubRunner", "python": "3.8"}, "requirements": {}, "commit_hash": "82ab00ad257ccb2bc8dbcb71bc08baa30fa9ed43", "date": 1639676821000, "env_name": "virtualenv-py3.8", "python": "3.8", "profiles": {}, "started_at": {"benchmarks.BasicBenchmark.time_solve_model": 1642735387327, "benchmarks.LargePack.time_discharge_1cpu": 1642735392054, "benchmarks.LargePack.time_discharge_2cpu": 1642735408356, "benchmarks.LargePack.time_long_cycle_2cpu": 1642734745591, "benchmarks.MediumPack.time_discharge_1cpu": 1642735418784, "benchmarks.MediumPack.time_discharge_2cpu": 1642735432582, "benchmarks.SmallPack.time_discharge_1cpu": 1642735444812, "benchmarks.SmallPack.time_discharge_2cpu": 1642735452238}, "ended_at": {"benchmarks.BasicBenchmark.time_solve_model": 1642735392051, "benchmarks.LargePack.time_discharge_1cpu": 1642735408355, "benchmarks.LargePack.time_discharge_2cpu": 1642735418783, "benchmarks.LargePack.time_long_cycle_2cpu": 1642735346407, "benchmarks.MediumPack.time_discharge_1cpu": 1642735432581, "benchmarks.MediumPack.time_discharge_2cpu": 1642735444812, "benchmarks.SmallPack.time_discharge_1cpu": 1642735452238, "benchmarks.SmallPack.time_discharge_2cpu": 1642735459518}, "benchmark_version": {"benchmarks.BasicBenchmark.time_solve_model": "21dc88971553291c844a81300eeac2ae53f86ef7781bdb26086d1d57d88c8cec", "benchmarks.LargePack.time_discharge_1cpu": "5a2756f3bebd1d0e37e074eb74a0bca10c9ce960ed21316ad26e9583a10353f8", "benchmarks.LargePack.time_discharge_2cpu": "f19047f1071beb2e16eb288e9a2cb14f4b91fca1dd10a3dbe5c68078a908886d", "benchmarks.LargePack.time_long_cycle_2cpu": "886173c7f314c25dcd319de5a644065b170ce4fe889082fb1ebcead737f35d99", "benchmarks.MediumPack.time_discharge_1cpu": "b8aa492ab12a8aba37625a5c0deae1c109def02877ec79681d996a7f77cc595c", "benchmarks.MediumPack.time_discharge_2cpu": "850ba37f55027bfd05992888284a51f0f34d93dcdd99053c957faf34e763a327", "benchmarks.SmallPack.time_discharge_1cpu": "07ba66cea19ff93b549ef21d8e3a0e9282b00d59822764eb1b4ac75f74a0d9c9", "benchmarks.SmallPack.time_discharge_2cpu": "7d2cd2d77443c50c3db4ed879be8a6cc5ece070ec744f5ce5778304a5f2f1f27"}, "version": 1}