{"results": {"benchmarks.BasicBenchmark.time_solve_model": {"result": [0.5492430514999853], "stats": [{"ci_99": [0.5454833849999545, 0.5610451710000461], "q_25": 0.5459900682500063, "q_75": 0.5517090945000405, "min": 0.5454833849999545, "max": 0.5610451710000461, "mean": 0.5499557869000057, "std": 0.004679776594461749, "repeat": 10, "number": 1}]}, "benchmarks.LargePack.time_discharge_1cpu": {"result": [7.6332316450000235], "stats": [{"ci_99": [6.035086845000933, 9.231376444999112], "q_25": 7.617250197000033, "q_75": 7.649213093000014, "min": 7.601268749000042, "max": 7.665194541000005, "mean": 7.6332316450000235, "std": 0.03196289599998181, "repeat": 2, "number": 1}]}, "benchmarks.LargePack.time_discharge_2cpu": {"result": [4.791049863999973], "stats": [{"ci_99": [4.545608132383773, 4.946306961116241], "q_25": 4.742537152249994, "q_75": 4.7944702584999845, "min": 4.599646940000071, "max": 4.802083519000007, "mean": 4.745957546750006, "std": 0.08459478510634574, "repeat": 4, "number": 1}]}, "benchmarks.LargePack.time_long_cycle_2cpu": null, "benchmarks.MediumPack.time_discharge_1cpu": {"result": [4.1077765735000185], "stats": [{"ci_99": [3.4106393258275203, 4.8005194521724475], "q_25": 3.8716142505000164, "q_75": 4.341741711999987, "min": 3.860696096999959, "max": 4.346068311999943, "mean": 4.105579388999985, "std": 0.23766901243285682, "repeat": 4, "number": 1}]}, "benchmarks.MediumPack.time_discharge_2cpu": {"result": [2.8091149440000436], "stats": [{"ci_99": [2.598318302731602, 3.032583953935071], "q_25": 2.6972473572499496, "q_75": 2.9335747855000136, "min": 2.6778329280000435, "max": 2.9616243929999655, "mean": 2.8154511283333363, "std": 0.12394218623788816, "repeat": 6, "number": 1}]}, "benchmarks.SmallPack.time_discharge_1cpu": {"result": [1.1390519674999382], "stats": [{"ci_99": [1.1362750219999498, 1.1530869110000594], "q_25": 1.1381408797500399, "q_75": 1.1420631190000847, "min": 1.1362750219999498, "max": 1.1530869110000594, "mean": 1.1407205609000015, "std": 0.004690480788868219, "repeat": 10, "number": 1}]}, "benchmarks.SmallPack.time_discharge_2cpu": {"result": [1.149123065499964], "stats": [{"ci_99": [1.1463229979999596, 1.1518688900000598], "q_25": 1.1478200629999833, "q_75": 1.1492744457499953, "min": 1.1463229979999596, "max": 1.1518688900000598, "mean": 1.148788272999991, "std": 0.001428909172177524, "repeat": 10, "number": 1}]}}, "params": {"machine": "GitHubRunner", "python": "3.8"}, "requirements": {}, "commit_hash": "82ab00ad257ccb2bc8dbcb71bc08baa30fa9ed43", "date": 1639676821000, "env_name": "virtualenv-py3.8", "python": "3.8", "profiles": {}, "started_at": {"benchmarks.BasicBenchmark.time_solve_model": 1641093546848, "benchmarks.LargePack.time_discharge_1cpu": 1641093551519, "benchmarks.LargePack.time_discharge_2cpu": 1641093567609, "benchmarks.LargePack.time_long_cycle_2cpu": 1641093261923, "benchmarks.MediumPack.time_discharge_1cpu": 1641093582648, "benchmarks.MediumPack.time_discharge_2cpu": 1641093594879, "benchmarks.SmallPack.time_discharge_1cpu": 1641093606356, "benchmarks.SmallPack.time_discharge_2cpu": 1641093613728}, "ended_at": {"benchmarks.BasicBenchmark.time_solve_model": 1641093551515, "benchmarks.LargePack.time_discharge_1cpu": 1641093567609, "benchmarks.LargePack.time_discharge_2cpu": 1641093582647, "benchmarks.LargePack.time_long_cycle_2cpu": 1641093504885, "benchmarks.MediumPack.time_discharge_1cpu": 1641093594879, "benchmarks.MediumPack.time_discharge_2cpu": 1641093606355, "benchmarks.SmallPack.time_discharge_1cpu": 1641093613728, "benchmarks.SmallPack.time_discharge_2cpu": 1641093621151}, "benchmark_version": {"benchmarks.BasicBenchmark.time_solve_model": "21dc88971553291c844a81300eeac2ae53f86ef7781bdb26086d1d57d88c8cec", "benchmarks.LargePack.time_discharge_1cpu": "5a2756f3bebd1d0e37e074eb74a0bca10c9ce960ed21316ad26e9583a10353f8", "benchmarks.LargePack.time_discharge_2cpu": "f19047f1071beb2e16eb288e9a2cb14f4b91fca1dd10a3dbe5c68078a908886d", "benchmarks.LargePack.time_long_cycle_2cpu": "886173c7f314c25dcd319de5a644065b170ce4fe889082fb1ebcead737f35d99", "benchmarks.MediumPack.time_discharge_1cpu": "b8aa492ab12a8aba37625a5c0deae1c109def02877ec79681d996a7f77cc595c", "benchmarks.MediumPack.time_discharge_2cpu": "850ba37f55027bfd05992888284a51f0f34d93dcdd99053c957faf34e763a327", "benchmarks.SmallPack.time_discharge_1cpu": "07ba66cea19ff93b549ef21d8e3a0e9282b00d59822764eb1b4ac75f74a0d9c9", "benchmarks.SmallPack.time_discharge_2cpu": "7d2cd2d77443c50c3db4ed879be8a6cc5ece070ec744f5ce5778304a5f2f1f27"}, "version": 1}