{"results": {"benchmarks.BasicBenchmark.time_solve_model": {"result": [0.6427255020000047], "stats": [{"ci_99": [0.6330954040000165, 0.6750872500000469], "q_25": 0.6363843802499929, "q_75": 0.646886075999987, "min": 0.6330954040000165, "max": 0.6750872500000469, "mean": 0.6455007247000083, "std": 0.01260299257690223, "repeat": 10, "number": 1}]}, "benchmarks.LargePack.time_discharge_1cpu": {"result": [9.0259640055], "stats": [{"ci_99": [8.856684980500276, 9.195243030499725], "q_25": 9.024271215250003, "q_75": 9.027656795749998, "min": 9.022578425000006, "max": 9.029349585999995, "mean": 9.0259640055, "std": 0.0033855804999944894, "repeat": 2, "number": 1}]}, "benchmarks.LargePack.time_discharge_2cpu": {"result": [5.7976040354999725], "stats": [{"ci_99": [4.969183160500137, 6.626024910499807], "q_25": 5.789319826749974, "q_75": 5.805888244249971, "min": 5.781035617999976, "max": 5.814172452999969, "mean": 5.7976040354999725, "std": 0.016568417499996713, "repeat": 2, "number": 1}]}, "benchmarks.LargePack.time_long_cycle_2cpu": null, "benchmarks.MediumPack.time_discharge_1cpu": {"result": [5.092579867999973], "stats": [{"ci_99": [4.466187817999582, 5.718971918000363], "q_25": 5.086315947499969, "q_75": 5.098843788499977, "min": 5.080052026999965, "max": 5.105107708999981, "mean": 5.092579867999973, "std": 0.012527841000007811, "repeat": 2, "number": 1}]}, "benchmarks.MediumPack.time_discharge_2cpu": {"result": [3.528579049500024], "stats": [{"ci_99": [3.4591774596199314, 3.6006148158801268], "q_25": 3.509574683250065, "q_75": 3.548900503999988, "min": 3.500443854000082, "max": 3.561982597999986, "mean": 3.529896137750029, "std": 0.024545564204548197, "repeat": 4, "number": 1}]}, "benchmarks.SmallPack.time_discharge_1cpu": {"result": [1.323051572000054], "stats": [{"ci_99": [1.3097619079999276, 1.3392181859999255], "q_25": 1.3178840450000564, "q_75": 1.3276678579999839, "min": 1.3097619079999276, "max": 1.3392181859999255, "mean": 1.323167954600001, "std": 0.00771163909867138, "repeat": 10, "number": 1}]}, "benchmarks.SmallPack.time_discharge_2cpu": {"result": [1.3447981365000032], "stats": [{"ci_99": [1.334731507000015, 1.453197294000006], "q_25": 1.338296107500014, "q_75": 1.3491045192500621, "min": 1.334731507000015, "max": 1.453197294000006, "mean": 1.3538367579000123, "std": 0.0335123099003968, "repeat": 10, "number": 1}]}}, "params": {"machine": "GitHubRunner", "python": "3.8"}, "requirements": {}, "commit_hash": "82ab00ad257ccb2bc8dbcb71bc08baa30fa9ed43", "date": 1639676821000, "env_name": "virtualenv-py3.8", "python": "3.8", "profiles": {}, "started_at": {"benchmarks.BasicBenchmark.time_solve_model": 1642648983263, "benchmarks.LargePack.time_discharge_1cpu": 1642648988791, "benchmarks.LargePack.time_discharge_2cpu": 1642649007707, "benchmarks.LargePack.time_long_cycle_2cpu": 1642648340861, "benchmarks.MediumPack.time_discharge_1cpu": 1642649020104, "benchmarks.MediumPack.time_discharge_2cpu": 1642649030793, "benchmarks.SmallPack.time_discharge_1cpu": 1642649042030, "benchmarks.SmallPack.time_discharge_2cpu": 1642649050574}, "ended_at": {"benchmarks.BasicBenchmark.time_solve_model": 1642648988786, "benchmarks.LargePack.time_discharge_1cpu": 1642649007706, "benchmarks.LargePack.time_discharge_2cpu": 1642649020103, "benchmarks.LargePack.time_long_cycle_2cpu": 1642648941923, "benchmarks.MediumPack.time_discharge_1cpu": 1642649030793, "benchmarks.MediumPack.time_discharge_2cpu": 1642649042029, "benchmarks.SmallPack.time_discharge_1cpu": 1642649050573, "benchmarks.SmallPack.time_discharge_2cpu": 1642649059356}, "benchmark_version": {"benchmarks.BasicBenchmark.time_solve_model": "21dc88971553291c844a81300eeac2ae53f86ef7781bdb26086d1d57d88c8cec", "benchmarks.LargePack.time_discharge_1cpu": "5a2756f3bebd1d0e37e074eb74a0bca10c9ce960ed21316ad26e9583a10353f8", "benchmarks.LargePack.time_discharge_2cpu": "f19047f1071beb2e16eb288e9a2cb14f4b91fca1dd10a3dbe5c68078a908886d", "benchmarks.LargePack.time_long_cycle_2cpu": "886173c7f314c25dcd319de5a644065b170ce4fe889082fb1ebcead737f35d99", "benchmarks.MediumPack.time_discharge_1cpu": "b8aa492ab12a8aba37625a5c0deae1c109def02877ec79681d996a7f77cc595c", "benchmarks.MediumPack.time_discharge_2cpu": "850ba37f55027bfd05992888284a51f0f34d93dcdd99053c957faf34e763a327", "benchmarks.SmallPack.time_discharge_1cpu": "07ba66cea19ff93b549ef21d8e3a0e9282b00d59822764eb1b4ac75f74a0d9c9", "benchmarks.SmallPack.time_discharge_2cpu": "7d2cd2d77443c50c3db4ed879be8a6cc5ece070ec744f5ce5778304a5f2f1f27"}, "version": 1}