{"results": {"benchmarks.BasicBenchmark.time_solve_model": {"result": [0.552668747499979], "stats": [{"ci_99": [0.543363295000006, 0.5594060320000267], "q_25": 0.5471110745000018, "q_75": 0.5557803105000119, "min": 0.543363295000006, "max": 0.5594060320000267, "mean": 0.5518391160000021, "std": 0.005513567384768499, "repeat": 10, "number": 1}]}, "benchmarks.LargePack.time_discharge_1cpu": {"result": [7.752197405500013], "stats": [{"ci_99": [4.114037030499148, 11.390357780500874], "q_25": 7.715815801750004, "q_75": 7.788579009250022, "min": 7.679434197999996, "max": 7.82496061300003, "mean": 7.752197405500013, "std": 0.0727632075000173, "repeat": 2, "number": 1}]}, "benchmarks.LargePack.time_discharge_2cpu": {"result": [4.955554664999994], "stats": [{"ci_99": [4.629482714999455, 5.281626615000533], "q_25": 4.952293945499989, "q_75": 4.958815384499999, "min": 4.949033225999983, "max": 4.962076104000005, "mean": 4.955554664999994, "std": 0.006521439000010787, "repeat": 2, "number": 1}]}, "benchmarks.LargePack.time_long_cycle_2cpu": null, "benchmarks.MediumPack.time_discharge_1cpu": {"result": [4.4142039359999785], "stats": [{"ci_99": [4.387055332617215, 4.441923977382779], "q_25": 4.410180756499983, "q_75": 4.418512834499992, "min": 4.400264588000027, "max": 4.429286160000004, "mean": 4.414489654999997, "std": 0.01027719328210558, "repeat": 4, "number": 1}]}, "benchmarks.MediumPack.time_discharge_2cpu": {"result": [2.995479019500067], "stats": [{"ci_99": [2.971946828401201, 3.02123011159883], "q_25": 2.9874644297500055, "q_75": 3.009064931750004, "min": 2.9743422349999946, "max": 3.015844076999997, "mean": 2.9965884700000154, "std": 0.014600945940205265, "repeat": 6, "number": 1}]}, "benchmarks.SmallPack.time_discharge_1cpu": {"result": [1.1440033824999887], "stats": [{"ci_99": [1.134815088000039, 1.1506399810000403], "q_25": 1.1378549212500388, "q_75": 1.1454417512499333, "min": 1.134815088000039, "max": 1.1506399810000403, "mean": 1.1422008435000066, "std": 0.004852941726612233, "repeat": 10, "number": 1}]}, "benchmarks.SmallPack.time_discharge_2cpu": {"result": [1.1574770235000074], "stats": [{"ci_99": [1.1537563230000387, 1.1641663320000362], "q_25": 1.154371149999946, "q_75": 1.1596835212499883, "min": 1.1537563230000387, "max": 1.1641663320000362, "mean": 1.1575949064999917, "std": 0.0032867470992447236, "repeat": 10, "number": 1}]}}, "params": {"machine": "GitHubRunner", "python": "3.8"}, "requirements": {}, "commit_hash": "82ab00ad257ccb2bc8dbcb71bc08baa30fa9ed43", "date": 1639676821000, "env_name": "virtualenv-py3.8", "python": "3.8", "profiles": {}, "started_at": {"benchmarks.BasicBenchmark.time_solve_model": 1641266337421, "benchmarks.LargePack.time_discharge_1cpu": 1641266342144, "benchmarks.LargePack.time_discharge_2cpu": 1641266358554, "benchmarks.LargePack.time_long_cycle_2cpu": 1641266050902, "benchmarks.MediumPack.time_discharge_1cpu": 1641266369186, "benchmarks.MediumPack.time_discharge_2cpu": 1641266383038, "benchmarks.SmallPack.time_discharge_1cpu": 1641266395724, "benchmarks.SmallPack.time_discharge_2cpu": 1641266403154}, "ended_at": {"benchmarks.BasicBenchmark.time_solve_model": 1641266342140, "benchmarks.LargePack.time_discharge_1cpu": 1641266358553, "benchmarks.LargePack.time_discharge_2cpu": 1641266369185, "benchmarks.LargePack.time_long_cycle_2cpu": 1641266294764, "benchmarks.MediumPack.time_discharge_1cpu": 1641266383038, "benchmarks.MediumPack.time_discharge_2cpu": 1641266395724, "benchmarks.SmallPack.time_discharge_1cpu": 1641266403153, "benchmarks.SmallPack.time_discharge_2cpu": 1641266410632}, "benchmark_version": {"benchmarks.BasicBenchmark.time_solve_model": "21dc88971553291c844a81300eeac2ae53f86ef7781bdb26086d1d57d88c8cec", "benchmarks.LargePack.time_discharge_1cpu": "5a2756f3bebd1d0e37e074eb74a0bca10c9ce960ed21316ad26e9583a10353f8", "benchmarks.LargePack.time_discharge_2cpu": "f19047f1071beb2e16eb288e9a2cb14f4b91fca1dd10a3dbe5c68078a908886d", "benchmarks.LargePack.time_long_cycle_2cpu": "886173c7f314c25dcd319de5a644065b170ce4fe889082fb1ebcead737f35d99", "benchmarks.MediumPack.time_discharge_1cpu": "b8aa492ab12a8aba37625a5c0deae1c109def02877ec79681d996a7f77cc595c", "benchmarks.MediumPack.time_discharge_2cpu": "850ba37f55027bfd05992888284a51f0f34d93dcdd99053c957faf34e763a327", "benchmarks.SmallPack.time_discharge_1cpu": "07ba66cea19ff93b549ef21d8e3a0e9282b00d59822764eb1b4ac75f74a0d9c9", "benchmarks.SmallPack.time_discharge_2cpu": "7d2cd2d77443c50c3db4ed879be8a6cc5ece070ec744f5ce5778304a5f2f1f27"}, "version": 1}