{"results": {"benchmarks.BasicBenchmark.time_solve_model": {"result": [0.536752534499982], "stats": [{"ci_99": [0.5060846819999938, 0.5747057840000025], "q_25": 0.5114355999999987, "q_75": 0.5636347287500172, "min": 0.5060846819999938, "max": 0.5747057840000025, "mean": 0.5380846392999985, "std": 0.027981696100668998, "repeat": 10, "number": 1}]}, "benchmarks.LargePack.time_discharge_1cpu": {"result": [7.335833517000012], "stats": [{"ci_99": [4.908032667000228, 9.763634366999794], "q_25": 7.311555508500014, "q_75": 7.36011152550001, "min": 7.287277500000016, "max": 7.384389534000007, "mean": 7.335833517000012, "std": 0.04855601699999568, "repeat": 2, "number": 1}]}, "benchmarks.LargePack.time_discharge_2cpu": {"result": [4.566274465999996], "stats": [{"ci_99": [4.316924475118773, 4.968616443381216], "q_25": 4.561358610749998, "q_75": 4.6476863144999925, "min": 4.556596689000003, "max": 4.8819362159999855, "mean": 4.642770459249995, "std": 0.138158975740882, "repeat": 4, "number": 1}]}, "benchmarks.LargePack.time_long_cycle_2cpu": null, "benchmarks.MediumPack.time_discharge_1cpu": {"result": [4.345233568499992], "stats": [{"ci_99": [4.029762998623702, 4.664688159876285], "q_25": 4.23992352975003, "q_75": 4.452535617999956, "min": 4.236406992000013, "max": 4.462028187999977, "mean": 4.347225579249994, "std": 0.10857914398263256, "repeat": 4, "number": 1}]}, "benchmarks.MediumPack.time_discharge_2cpu": {"result": [2.8438561485000378], "stats": [{"ci_99": [2.752754296769742, 2.9789039760000264], "q_25": 2.810648182250006, "q_75": 2.8933301380000245, "min": 2.7783696359999794, "max": 2.9789039760000264, "mean": 2.8590643728333496, "std": 0.06707400591110561, "repeat": 6, "number": 1}]}, "benchmarks.SmallPack.time_discharge_1cpu": {"result": [1.1498362094999948], "stats": [{"ci_99": [1.0756781280000496, 1.1693268349999926], "q_25": 1.1267039162500083, "q_75": 1.1624556052499884, "min": 1.0756781280000496, "max": 1.1693268349999926, "mean": 1.1404921904000105, "std": 0.02824312119868837, "repeat": 10, "number": 1}]}, "benchmarks.SmallPack.time_discharge_2cpu": {"result": [1.1920926685000097], "stats": [{"ci_99": [1.063899542999934, 1.3204185929999994], "q_25": 1.1635740339999927, "q_75": 1.2445976705000135, "min": 1.063899542999934, "max": 1.3204185929999994, "mean": 1.1906380336999973, "std": 0.0767906639000217, "repeat": 10, "number": 1}]}}, "params": {"machine": "GitHubRunner", "python": "3.8"}, "requirements": {}, "commit_hash": "82ab00ad257ccb2bc8dbcb71bc08baa30fa9ed43", "date": 1639676821000, "env_name": "virtualenv-py3.8", "python": "3.8", "profiles": {}, "started_at": {"benchmarks.BasicBenchmark.time_solve_model": 1641698391207, "benchmarks.LargePack.time_discharge_1cpu": 1641698396103, "benchmarks.LargePack.time_discharge_2cpu": 1641698411960, "benchmarks.LargePack.time_long_cycle_2cpu": 1641698101930, "benchmarks.MediumPack.time_discharge_1cpu": 1641698427057, "benchmarks.MediumPack.time_discharge_2cpu": 1641698440306, "benchmarks.SmallPack.time_discharge_1cpu": 1641698452441, "benchmarks.SmallPack.time_discharge_2cpu": 1641698459770}, "ended_at": {"benchmarks.BasicBenchmark.time_solve_model": 1641698396098, "benchmarks.LargePack.time_discharge_1cpu": 1641698411959, "benchmarks.LargePack.time_discharge_2cpu": 1641698427056, "benchmarks.LargePack.time_long_cycle_2cpu": 1641698347545, "benchmarks.MediumPack.time_discharge_1cpu": 1641698440305, "benchmarks.MediumPack.time_discharge_2cpu": 1641698452440, "benchmarks.SmallPack.time_discharge_1cpu": 1641698459769, "benchmarks.SmallPack.time_discharge_2cpu": 1641698467399}, "benchmark_version": {"benchmarks.BasicBenchmark.time_solve_model": "21dc88971553291c844a81300eeac2ae53f86ef7781bdb26086d1d57d88c8cec", "benchmarks.LargePack.time_discharge_1cpu": "5a2756f3bebd1d0e37e074eb74a0bca10c9ce960ed21316ad26e9583a10353f8", "benchmarks.LargePack.time_discharge_2cpu": "f19047f1071beb2e16eb288e9a2cb14f4b91fca1dd10a3dbe5c68078a908886d", "benchmarks.LargePack.time_long_cycle_2cpu": "886173c7f314c25dcd319de5a644065b170ce4fe889082fb1ebcead737f35d99", "benchmarks.MediumPack.time_discharge_1cpu": "b8aa492ab12a8aba37625a5c0deae1c109def02877ec79681d996a7f77cc595c", "benchmarks.MediumPack.time_discharge_2cpu": "850ba37f55027bfd05992888284a51f0f34d93dcdd99053c957faf34e763a327", "benchmarks.SmallPack.time_discharge_1cpu": "07ba66cea19ff93b549ef21d8e3a0e9282b00d59822764eb1b4ac75f74a0d9c9", "benchmarks.SmallPack.time_discharge_2cpu": "7d2cd2d77443c50c3db4ed879be8a6cc5ece070ec744f5ce5778304a5f2f1f27"}, "version": 1}