{"results": {"benchmarks.BasicBenchmark.time_solve_model": {"result": [0.5535763604999744], "stats": [{"ci_99": [0.5460911670000144, 0.5563702530000114], "q_25": 0.5485150922500068, "q_75": 0.554354418000031, "min": 0.5460911670000144, "max": 0.5563702530000114, "mean": 0.5518831635000054, "std": 0.003482818165708386, "repeat": 10, "number": 1}]}, "benchmarks.LargePack.time_discharge_1cpu": {"result": [7.747812688500005], "stats": [{"ci_99": [5.882196663499656, 9.613428713500353], "q_25": 7.729156528250002, "q_75": 7.766468848750009, "min": 7.710500367999998, "max": 7.785125009000012, "mean": 7.747812688500005, "std": 0.03731232050000699, "repeat": 2, "number": 1}]}, "benchmarks.LargePack.time_discharge_2cpu": {"result": [4.697545270999996], "stats": [{"ci_99": [4.21388246705122, 5.174507650948758], "q_25": 4.64270023249999, "q_75": 4.7473649914999925, "min": 4.587855193999985, "max": 4.797184711999989, "mean": 4.69419505899999, "std": 0.08549124601135974, "repeat": 3, "number": 1}]}, "benchmarks.LargePack.time_long_cycle_2cpu": null, "benchmarks.MediumPack.time_discharge_1cpu": {"result": [4.389813042499981], "stats": [{"ci_99": [4.376045974595014, 4.406945381904977], "q_25": 4.386990642749993, "q_75": 4.3943180779999835, "min": 4.385928492000005, "max": 4.400428136000016, "mean": 4.391495678249996, "std": 0.005670766897886665, "repeat": 4, "number": 1}]}, "benchmarks.MediumPack.time_discharge_2cpu": {"result": [2.8594775644999686], "stats": [{"ci_99": [2.749287443440993, 2.9665097175589996], "q_25": 2.80216959225001, "q_75": 2.9104613890000195, "min": 2.771257985000034, "max": 2.946655436999947, "mean": 2.8578985804999966, "std": 0.06492749554281708, "repeat": 6, "number": 1}]}, "benchmarks.SmallPack.time_discharge_1cpu": {"result": [1.09967993799998], "stats": [{"ci_99": [1.0491385050000304, 1.147820476999982], "q_25": 1.0535010982500097, "q_75": 1.141669770749985, "min": 1.0491385050000304, "max": 1.147820476999982, "mean": 1.0982231520000028, "std": 0.044783873922957976, "repeat": 10, "number": 1}]}, "benchmarks.SmallPack.time_discharge_2cpu": {"result": [1.1543884965000188], "stats": [{"ci_99": [1.146983913999975, 1.1757192850000138], "q_25": 1.1503644742500114, "q_75": 1.156427420749992, "min": 1.146983913999975, "max": 1.1757192850000138, "mean": 1.1560579715999892, "std": 0.008312659725576365, "repeat": 10, "number": 1}]}}, "params": {"machine": "GitHubRunner", "python": "3.8"}, "requirements": {}, "commit_hash": "82ab00ad257ccb2bc8dbcb71bc08baa30fa9ed43", "date": 1639676821000, "env_name": "virtualenv-py3.8", "python": "3.8", "profiles": {}, "started_at": {"benchmarks.BasicBenchmark.time_solve_model": 1642389654388, "benchmarks.LargePack.time_discharge_1cpu": 1642389659058, "benchmarks.LargePack.time_discharge_2cpu": 1642389675362, "benchmarks.LargePack.time_long_cycle_2cpu": 1642389357800, "benchmarks.MediumPack.time_discharge_1cpu": 1642389685794, "benchmarks.MediumPack.time_discharge_2cpu": 1642389699541, "benchmarks.SmallPack.time_discharge_1cpu": 1642389711422, "benchmarks.SmallPack.time_discharge_2cpu": 1642389718805}, "ended_at": {"benchmarks.BasicBenchmark.time_solve_model": 1642389659055, "benchmarks.LargePack.time_discharge_1cpu": 1642389675362, "benchmarks.LargePack.time_discharge_2cpu": 1642389685794, "benchmarks.LargePack.time_long_cycle_2cpu": 1642389612857, "benchmarks.MediumPack.time_discharge_1cpu": 1642389699540, "benchmarks.MediumPack.time_discharge_2cpu": 1642389711422, "benchmarks.SmallPack.time_discharge_1cpu": 1642389718805, "benchmarks.SmallPack.time_discharge_2cpu": 1642389726281}, "benchmark_version": {"benchmarks.BasicBenchmark.time_solve_model": "21dc88971553291c844a81300eeac2ae53f86ef7781bdb26086d1d57d88c8cec", "benchmarks.LargePack.time_discharge_1cpu": "5a2756f3bebd1d0e37e074eb74a0bca10c9ce960ed21316ad26e9583a10353f8", "benchmarks.LargePack.time_discharge_2cpu": "f19047f1071beb2e16eb288e9a2cb14f4b91fca1dd10a3dbe5c68078a908886d", "benchmarks.LargePack.time_long_cycle_2cpu": "886173c7f314c25dcd319de5a644065b170ce4fe889082fb1ebcead737f35d99", "benchmarks.MediumPack.time_discharge_1cpu": "b8aa492ab12a8aba37625a5c0deae1c109def02877ec79681d996a7f77cc595c", "benchmarks.MediumPack.time_discharge_2cpu": "850ba37f55027bfd05992888284a51f0f34d93dcdd99053c957faf34e763a327", "benchmarks.SmallPack.time_discharge_1cpu": "07ba66cea19ff93b549ef21d8e3a0e9282b00d59822764eb1b4ac75f74a0d9c9", "benchmarks.SmallPack.time_discharge_2cpu": "7d2cd2d77443c50c3db4ed879be8a6cc5ece070ec744f5ce5778304a5f2f1f27"}, "version": 1}