{"results": {"benchmarks.BasicBenchmark.time_solve_model": {"result": [0.5536741720000009], "stats": [{"ci_99": [0.5473362949999796, 0.5570424229999844], "q_25": 0.5502969212499806, "q_75": 0.5569651117499745, "min": 0.5473362949999796, "max": 0.5570424229999844, "mean": 0.5532170579000024, "std": 0.0038341676818021914, "repeat": 10, "number": 1}]}, "benchmarks.LargePack.time_discharge_1cpu": {"result": [7.704222855500035], "stats": [{"ci_99": [5.858054380497805, 9.550391330502263], "q_25": 7.685761170750013, "q_75": 7.722684540250057, "min": 7.66729948599999, "max": 7.7411462250000795, "mean": 7.704222855500035, "std": 0.0369233695000446, "repeat": 2, "number": 1}]}, "benchmarks.LargePack.time_discharge_2cpu": {"result": [4.831666528000028], "stats": [{"ci_99": [4.715079004114643, 4.960813803385404], "q_25": 4.80228630400002, "q_75": 4.867326627750032, "min": 4.789170651999996, "max": 4.899281907000045, "mean": 4.837946403750024, "std": 0.043216969282029866, "repeat": 4, "number": 1}]}, "benchmarks.LargePack.time_long_cycle_2cpu": null, "benchmarks.MediumPack.time_discharge_1cpu": {"result": [4.381043120000015], "stats": [{"ci_99": [4.358884076304255, 4.401692340195732], "q_25": 4.3774499087499805, "q_75": 4.383881419500028, "min": 4.368210756999929, "max": 4.390855836000014, "mean": 4.380288208249993, "std": 0.008049949078060158, "repeat": 4, "number": 1}]}, "benchmarks.MediumPack.time_discharge_2cpu": {"result": [2.948238458500043], "stats": [{"ci_99": [2.9299621495389556, 2.9978029599999445], "q_25": 2.9459023782499685, "q_75": 2.9515960710000115, "min": 2.936570362999987, "max": 2.9978029599999445, "mean": 2.954781533333327, "std": 0.01984479350930972, "repeat": 6, "number": 1}]}, "benchmarks.SmallPack.time_discharge_1cpu": {"result": [1.1479056414999604], "stats": [{"ci_99": [1.1449068540000553, 1.1495823400000518], "q_25": 1.146301763250051, "q_75": 1.1490380944999572, "min": 1.1449068540000553, "max": 1.1495823400000518, "mean": 1.1476334230999896, "std": 0.0015737571589560914, "repeat": 10, "number": 1}]}, "benchmarks.SmallPack.time_discharge_2cpu": {"result": [1.1587151845000108], "stats": [{"ci_99": [1.155151968000041, 1.163147681000055], "q_25": 1.1567285915000696, "q_75": 1.1600047752499734, "min": 1.155151968000041, "max": 1.163147681000055, "mean": 1.1585674768000103, "std": 0.0023000825949797865, "repeat": 10, "number": 1}]}}, "params": {"machine": "GitHubRunner", "python": "3.8"}, "requirements": {}, "commit_hash": "82ab00ad257ccb2bc8dbcb71bc08baa30fa9ed43", "date": 1639676821000, "env_name": "virtualenv-py3.8", "python": "3.8", "profiles": {}, "started_at": {"benchmarks.BasicBenchmark.time_solve_model": 1641612023912, "benchmarks.LargePack.time_discharge_1cpu": 1641612028590, "benchmarks.LargePack.time_discharge_2cpu": 1641612044793, "benchmarks.LargePack.time_long_cycle_2cpu": 1641611733331, "benchmarks.MediumPack.time_discharge_1cpu": 1641612060181, "benchmarks.MediumPack.time_discharge_2cpu": 1641612073925, "benchmarks.SmallPack.time_discharge_1cpu": 1641612086355, "benchmarks.SmallPack.time_discharge_2cpu": 1641612093782}, "ended_at": {"benchmarks.BasicBenchmark.time_solve_model": 1641612028588, "benchmarks.LargePack.time_discharge_1cpu": 1641612044793, "benchmarks.LargePack.time_discharge_2cpu": 1641612060181, "benchmarks.LargePack.time_long_cycle_2cpu": 1641611981658, "benchmarks.MediumPack.time_discharge_1cpu": 1641612073924, "benchmarks.MediumPack.time_discharge_2cpu": 1641612086355, "benchmarks.SmallPack.time_discharge_1cpu": 1641612093781, "benchmarks.SmallPack.time_discharge_2cpu": 1641612101257}, "benchmark_version": {"benchmarks.BasicBenchmark.time_solve_model": "21dc88971553291c844a81300eeac2ae53f86ef7781bdb26086d1d57d88c8cec", "benchmarks.LargePack.time_discharge_1cpu": "5a2756f3bebd1d0e37e074eb74a0bca10c9ce960ed21316ad26e9583a10353f8", "benchmarks.LargePack.time_discharge_2cpu": "f19047f1071beb2e16eb288e9a2cb14f4b91fca1dd10a3dbe5c68078a908886d", "benchmarks.LargePack.time_long_cycle_2cpu": "886173c7f314c25dcd319de5a644065b170ce4fe889082fb1ebcead737f35d99", "benchmarks.MediumPack.time_discharge_1cpu": "b8aa492ab12a8aba37625a5c0deae1c109def02877ec79681d996a7f77cc595c", "benchmarks.MediumPack.time_discharge_2cpu": "850ba37f55027bfd05992888284a51f0f34d93dcdd99053c957faf34e763a327", "benchmarks.SmallPack.time_discharge_1cpu": "07ba66cea19ff93b549ef21d8e3a0e9282b00d59822764eb1b4ac75f74a0d9c9", "benchmarks.SmallPack.time_discharge_2cpu": "7d2cd2d77443c50c3db4ed879be8a6cc5ece070ec744f5ce5778304a5f2f1f27"}, "version": 1}