{"results": {"benchmarks.BasicBenchmark.time_solve_model": {"result": [0.5286124854999912], "stats": [{"ci_99": [0.5012992790000226, 0.5530365390000043], "q_25": 0.5037866117500016, "q_75": 0.5481461445000235, "min": 0.5012992790000226, "max": 0.5530365390000043, "mean": 0.5267376001000059, "std": 0.022438808860115955, "repeat": 10, "number": 1}]}, "benchmarks.LargePack.time_discharge_1cpu": {"result": [7.337115551000011], "stats": [{"ci_99": [-7.459744198998237, 22.133975300998245], "q_25": 7.189146953500028, "q_75": 7.485084148499993, "min": 7.041178356000046, "max": 7.633052745999976, "mean": 7.337115551000011, "std": 0.29593719499996496, "repeat": 2, "number": 1}]}, "benchmarks.LargePack.time_discharge_2cpu": {"result": [4.536552100999927], "stats": [{"ci_99": [4.416846771381217, 4.639230170618731], "q_25": 4.506547226749959, "q_75": 4.558043345249942, "min": 4.466271584000026, "max": 4.572778098000015, "mean": 4.528038470999974, "std": 0.040346984387776466, "repeat": 4, "number": 1}]}, "benchmarks.LargePack.time_long_cycle_2cpu": null, "benchmarks.MediumPack.time_discharge_1cpu": {"result": [3.9829893269999843], "stats": [{"ci_99": [3.9465867614736827, 4.0184647715262685], "q_25": 3.974245958749975, "q_75": 3.9912691347499845, "min": 3.9648996439999564, "max": 3.9992247679999764, "mean": 3.9825257664999754, "std": 0.01278000209631156, "repeat": 4, "number": 1}]}, "benchmarks.MediumPack.time_discharge_2cpu": {"result": [2.7876587999999742], "stats": [{"ci_99": [2.6589728456770265, 3.021475535656322], "q_25": 2.7626928207500043, "q_75": 2.9392602077500385, "min": 2.7169545350000135, "max": 3.004908171000011, "mean": 2.8402241906666745, "std": 0.11246415574900923, "repeat": 6, "number": 1}]}, "benchmarks.SmallPack.time_discharge_1cpu": {"result": [1.098146313500024], "stats": [{"ci_99": [1.0324202089999517, 1.156370283000001], "q_25": 1.036004626749957, "q_75": 1.1466538230000083, "min": 1.0324202089999517, "max": 1.156370283000001, "mean": 1.0934364354999957, "std": 0.05529835659126746, "repeat": 10, "number": 1}]}, "benchmarks.SmallPack.time_discharge_2cpu": {"result": [1.0530109994999748], "stats": [{"ci_99": [1.047409929999958, 1.059337854999967], "q_25": 1.050924890500056, "q_75": 1.055959013750055, "min": 1.047409929999958, "max": 1.059337854999967, "mean": 1.0535535117000108, "std": 0.0037239146138334, "repeat": 10, "number": 1}]}}, "params": {"machine": "GitHubRunner", "python": "3.8"}, "requirements": {}, "commit_hash": "82ab00ad257ccb2bc8dbcb71bc08baa30fa9ed43", "date": 1639676821000, "env_name": "virtualenv-py3.8", "python": "3.8", "profiles": {}, "started_at": {"benchmarks.BasicBenchmark.time_solve_model": 1642475979571, "benchmarks.LargePack.time_discharge_1cpu": 1642475983839, "benchmarks.LargePack.time_discharge_2cpu": 1642475998640, "benchmarks.LargePack.time_long_cycle_2cpu": 1642475713578, "benchmarks.MediumPack.time_discharge_1cpu": 1642476013083, "benchmarks.MediumPack.time_discharge_2cpu": 1642476025676, "benchmarks.SmallPack.time_discharge_1cpu": 1642476037360, "benchmarks.SmallPack.time_discharge_2cpu": 1642476044788}, "ended_at": {"benchmarks.BasicBenchmark.time_solve_model": 1642475983836, "benchmarks.LargePack.time_discharge_1cpu": 1642475998639, "benchmarks.LargePack.time_discharge_2cpu": 1642476013082, "benchmarks.LargePack.time_long_cycle_2cpu": 1642475939941, "benchmarks.MediumPack.time_discharge_1cpu": 1642476025676, "benchmarks.MediumPack.time_discharge_2cpu": 1642476037359, "benchmarks.SmallPack.time_discharge_1cpu": 1642476044788, "benchmarks.SmallPack.time_discharge_2cpu": 1642476051614}, "benchmark_version": {"benchmarks.BasicBenchmark.time_solve_model": "21dc88971553291c844a81300eeac2ae53f86ef7781bdb26086d1d57d88c8cec", "benchmarks.LargePack.time_discharge_1cpu": "5a2756f3bebd1d0e37e074eb74a0bca10c9ce960ed21316ad26e9583a10353f8", "benchmarks.LargePack.time_discharge_2cpu": "f19047f1071beb2e16eb288e9a2cb14f4b91fca1dd10a3dbe5c68078a908886d", "benchmarks.LargePack.time_long_cycle_2cpu": "886173c7f314c25dcd319de5a644065b170ce4fe889082fb1ebcead737f35d99", "benchmarks.MediumPack.time_discharge_1cpu": "b8aa492ab12a8aba37625a5c0deae1c109def02877ec79681d996a7f77cc595c", "benchmarks.MediumPack.time_discharge_2cpu": "850ba37f55027bfd05992888284a51f0f34d93dcdd99053c957faf34e763a327", "benchmarks.SmallPack.time_discharge_1cpu": "07ba66cea19ff93b549ef21d8e3a0e9282b00d59822764eb1b4ac75f74a0d9c9", "benchmarks.SmallPack.time_discharge_2cpu": "7d2cd2d77443c50c3db4ed879be8a6cc5ece070ec744f5ce5778304a5f2f1f27"}, "version": 1}