{"results": {"benchmarks.BasicBenchmark.time_solve_model": {"result": [0.5373283939999993], "stats": [{"ci_99": [0.5346753059999969, 0.5398983059999409], "q_25": 0.5368865514999754, "q_75": 0.5381788202499891, "min": 0.5346753059999969, "max": 0.5398983059999409, "mean": 0.537304788799986, "std": 0.0014510869628327151, "repeat": 10, "number": 1}]}, "benchmarks.LargePack.time_discharge_1cpu": {"result": [7.426032480500041], "stats": [{"ci_99": [6.913959455498016, 7.938105505502065], "q_25": 7.420911750250021, "q_75": 7.431153210750061, "min": 7.41579102, "max": 7.436273941000081, "mean": 7.426032480500041, "std": 0.010241460500040489, "repeat": 2, "number": 1}]}, "benchmarks.LargePack.time_discharge_2cpu": {"result": [4.544265483999993], "stats": [{"ci_99": [4.502033069463548, 4.5862042775364555], "q_25": 4.532210246249996, "q_75": 4.556173911249999, "min": 4.525976450999991, "max": 4.561967275000029, "mean": 4.544118673500002, "std": 0.0145503366750361, "repeat": 4, "number": 1}]}, "benchmarks.LargePack.time_long_cycle_2cpu": null, "benchmarks.MediumPack.time_discharge_1cpu": {"result": [4.209756430499965], "stats": [{"ci_99": [4.204091881950797, 4.218732862049171], "q_25": 4.209656824249976, "q_75": 4.211511978249973, "min": 4.209373259000017, "max": 4.216763367999988, "mean": 4.211412371999984, "std": 0.003093358863191578, "repeat": 4, "number": 1}]}, "benchmarks.MediumPack.time_discharge_2cpu": {"result": [2.7994187845000056], "stats": [{"ci_99": [2.7921330377206557, 2.808051311279342], "q_25": 2.7972810419999803, "q_75": 2.803195234250012, "min": 2.792675401999986, "max": 2.8080175640000107, "mean": 2.800092174499999, "std": 0.004957134529648123, "repeat": 6, "number": 1}]}, "benchmarks.SmallPack.time_discharge_1cpu": {"result": [1.1214608599999565], "stats": [{"ci_99": [1.1185435139999527, 1.1259538430000475], "q_25": 1.1201447967499973, "q_75": 1.123011611999999, "min": 1.1185435139999527, "max": 1.1259538430000475, "mean": 1.1219303787999935, "std": 0.0023731283675096876, "repeat": 10, "number": 1}]}, "benchmarks.SmallPack.time_discharge_2cpu": {"result": [1.125556725000024], "stats": [{"ci_99": [1.1238946209999767, 1.128694405000033], "q_25": 1.1248292690000028, "q_75": 1.1270239032500058, "min": 1.1238946209999767, "max": 1.128694405000033, "mean": 1.1259582033000015, "std": 0.0015133144621017826, "repeat": 10, "number": 1}]}}, "params": {"machine": "GitHubRunner", "python": "3.8"}, "requirements": {}, "commit_hash": "82ab00ad257ccb2bc8dbcb71bc08baa30fa9ed43", "date": 1639676821000, "env_name": "virtualenv-py3.8", "python": "3.8", "profiles": {}, "started_at": {"benchmarks.BasicBenchmark.time_solve_model": 1641957989551, "benchmarks.LargePack.time_discharge_1cpu": 1641957994033, "benchmarks.LargePack.time_discharge_2cpu": 1641958009465, "benchmarks.LargePack.time_long_cycle_2cpu": 1641957348209, "benchmarks.MediumPack.time_discharge_1cpu": 1641958023742, "benchmarks.MediumPack.time_discharge_2cpu": 1641958036819, "benchmarks.SmallPack.time_discharge_1cpu": 1641958048542, "benchmarks.SmallPack.time_discharge_2cpu": 1641958055709}, "ended_at": {"benchmarks.BasicBenchmark.time_solve_model": 1641957994028, "benchmarks.LargePack.time_discharge_1cpu": 1641958009465, "benchmarks.LargePack.time_discharge_2cpu": 1641958023742, "benchmarks.LargePack.time_long_cycle_2cpu": 1641957949051, "benchmarks.MediumPack.time_discharge_1cpu": 1641958036819, "benchmarks.MediumPack.time_discharge_2cpu": 1641958048542, "benchmarks.SmallPack.time_discharge_1cpu": 1641958055709, "benchmarks.SmallPack.time_discharge_2cpu": 1641958062925}, "benchmark_version": {"benchmarks.BasicBenchmark.time_solve_model": "21dc88971553291c844a81300eeac2ae53f86ef7781bdb26086d1d57d88c8cec", "benchmarks.LargePack.time_discharge_1cpu": "5a2756f3bebd1d0e37e074eb74a0bca10c9ce960ed21316ad26e9583a10353f8", "benchmarks.LargePack.time_discharge_2cpu": "f19047f1071beb2e16eb288e9a2cb14f4b91fca1dd10a3dbe5c68078a908886d", "benchmarks.LargePack.time_long_cycle_2cpu": "886173c7f314c25dcd319de5a644065b170ce4fe889082fb1ebcead737f35d99", "benchmarks.MediumPack.time_discharge_1cpu": "b8aa492ab12a8aba37625a5c0deae1c109def02877ec79681d996a7f77cc595c", "benchmarks.MediumPack.time_discharge_2cpu": "850ba37f55027bfd05992888284a51f0f34d93dcdd99053c957faf34e763a327", "benchmarks.SmallPack.time_discharge_1cpu": "07ba66cea19ff93b549ef21d8e3a0e9282b00d59822764eb1b4ac75f74a0d9c9", "benchmarks.SmallPack.time_discharge_2cpu": "7d2cd2d77443c50c3db4ed879be8a6cc5ece070ec744f5ce5778304a5f2f1f27"}, "version": 1}