{"results": {"benchmarks.BasicBenchmark.time_solve_model": {"result": [0.9918295479999983], "stats": [{"ci_99": [0.9637934200000018, 1.0326419870000052], "q_25": 0.9696548897499753, "q_75": 0.9969665867500055, "min": 0.9637934200000018, "max": 1.0326419870000052, "mean": 0.9888984319999992, "std": 0.020311248758403153, "repeat": 10, "number": 1}]}, "benchmarks.LargePack.time_discharge_1cpu": {"result": [11.189566290499997], "stats": [{"ci_99": [1.457390215500098, 20.921742365499888], "q_25": 11.092244529749998, "q_75": 11.286888051249996, "min": 10.994922768999999, "max": 11.384209811999995, "mean": 11.189566290499997, "std": 0.19464352149999797, "repeat": 2, "number": 1}]}, "benchmarks.LargePack.time_discharge_2cpu": {"result": [6.609595676499993], "stats": [{"ci_99": [4.500617401500364, 8.71857395149962], "q_25": 6.588505893749996, "q_75": 6.630685459249989, "min": 6.567416111, "max": 6.651775241999985, "mean": 6.609595676499993, "std": 0.04217956549999258, "repeat": 2, "number": 1}]}, "benchmarks.LargePack.time_long_cycle_2cpu": null, "benchmarks.MediumPack.time_discharge_1cpu": {"result": [6.572949234000021], "stats": [{"ci_99": [-2.1465573159997575, 15.292455783999792], "q_25": 6.485754168500023, "q_75": 6.660144299500018, "min": 6.398559103000025, "max": 6.747339365000016, "mean": 6.572949234000021, "std": 0.17439013099999556, "repeat": 2, "number": 1}]}, "benchmarks.MediumPack.time_discharge_2cpu": {"result": [4.312534013000004], "stats": [{"ci_99": [4.107765524946171, 4.5684903550538145], "q_25": 4.284075022499991, "q_75": 4.366586930500006, "min": 4.245304019999935, "max": 4.482139714000027, "mean": 4.338127939999993, "std": 0.08824463424878017, "repeat": 4, "number": 1}]}, "benchmarks.SmallPack.time_discharge_1cpu": {"result": [1.9153826130000198], "stats": [{"ci_99": [1.8487697729999581, 1.9974193240000204], "q_25": 1.9005606719999832, "q_75": 1.9808352950000199, "min": 1.8487697729999581, "max": 1.9974193240000204, "mean": 1.9284344556666737, "std": 0.051217812497092494, "repeat": 9, "number": 1}]}, "benchmarks.SmallPack.time_discharge_2cpu": {"result": [1.9044143810000378], "stats": [{"ci_99": [1.8584295089999614, 1.9361968330000536], "q_25": 1.8773439560000043, "q_75": 1.920419010000046, "min": 1.8584295089999614, "max": 1.9361968330000536, "mean": 1.8990018702222389, "std": 0.025883805038379178, "repeat": 9, "number": 1}]}}, "params": {"machine": "GitHubRunner", "python": "3.8"}, "requirements": {}, "commit_hash": "82ab00ad257ccb2bc8dbcb71bc08baa30fa9ed43", "date": 1639676821000, "env_name": "virtualenv-py3.8", "python": "3.8", "profiles": {}, "started_at": {"benchmarks.BasicBenchmark.time_solve_model": 1639884316021, "benchmarks.LargePack.time_discharge_1cpu": 1639884324145, "benchmarks.LargePack.time_discharge_2cpu": 1639884348090, "benchmarks.LargePack.time_long_cycle_2cpu": 1639883660295, "benchmarks.MediumPack.time_discharge_1cpu": 1639884362395, "benchmarks.MediumPack.time_discharge_2cpu": 1639884376012, "benchmarks.SmallPack.time_discharge_1cpu": 1639884389816, "benchmarks.SmallPack.time_discharge_2cpu": 1639884400412}, "ended_at": {"benchmarks.BasicBenchmark.time_solve_model": 1639884324135, "benchmarks.LargePack.time_discharge_1cpu": 1639884348090, "benchmarks.LargePack.time_discharge_2cpu": 1639884362394, "benchmarks.LargePack.time_long_cycle_2cpu": 1639884261490, "benchmarks.MediumPack.time_discharge_1cpu": 1639884376012, "benchmarks.MediumPack.time_discharge_2cpu": 1639884389816, "benchmarks.SmallPack.time_discharge_1cpu": 1639884400411, "benchmarks.SmallPack.time_discharge_2cpu": 1639884410700}, "benchmark_version": {"benchmarks.BasicBenchmark.time_solve_model": "21dc88971553291c844a81300eeac2ae53f86ef7781bdb26086d1d57d88c8cec", "benchmarks.LargePack.time_discharge_1cpu": "5a2756f3bebd1d0e37e074eb74a0bca10c9ce960ed21316ad26e9583a10353f8", "benchmarks.LargePack.time_discharge_2cpu": "f19047f1071beb2e16eb288e9a2cb14f4b91fca1dd10a3dbe5c68078a908886d", "benchmarks.LargePack.time_long_cycle_2cpu": "886173c7f314c25dcd319de5a644065b170ce4fe889082fb1ebcead737f35d99", "benchmarks.MediumPack.time_discharge_1cpu": "b8aa492ab12a8aba37625a5c0deae1c109def02877ec79681d996a7f77cc595c", "benchmarks.MediumPack.time_discharge_2cpu": "850ba37f55027bfd05992888284a51f0f34d93dcdd99053c957faf34e763a327", "benchmarks.SmallPack.time_discharge_1cpu": "07ba66cea19ff93b549ef21d8e3a0e9282b00d59822764eb1b4ac75f74a0d9c9", "benchmarks.SmallPack.time_discharge_2cpu": "7d2cd2d77443c50c3db4ed879be8a6cc5ece070ec744f5ce5778304a5f2f1f27"}, "version": 1}