{"results": {"benchmarks.BasicBenchmark.time_solve_model": {"result": [0.5492516330000257], "stats": [{"ci_99": [0.54287085899999, 0.5541706030000455], "q_25": 0.5466066557500042, "q_75": 0.5514389337500063, "min": 0.54287085899999, "max": 0.5541706030000455, "mean": 0.548858881700005, "std": 0.003325527273416133, "repeat": 10, "number": 1}]}, "benchmarks.LargePack.time_discharge_1cpu": {"result": [7.686903419999993], "stats": [{"ci_99": [5.127905470000229, 10.245901369999755], "q_25": 7.661313440499995, "q_75": 7.712493399499991, "min": 7.635723460999998, "max": 7.738083378999988, "mean": 7.686903419999993, "std": 0.05117995899999528, "repeat": 2, "number": 1}]}, "benchmarks.LargePack.time_discharge_2cpu": {"result": [4.820128979000003], "stats": [{"ci_99": [4.760801016086186, 4.889096529913818], "q_25": 4.810672065749991, "q_75": 4.834405686250015, "min": 4.796824901999997, "max": 4.862712232000007, "mean": 4.824948773000003, "std": 0.0240331337117989, "repeat": 4, "number": 1}]}, "benchmarks.LargePack.time_long_cycle_2cpu": null, "benchmarks.MediumPack.time_discharge_1cpu": {"result": [4.355256828500018], "stats": [{"ci_99": [4.345670931691517, 4.364231355308517], "q_25": 4.352985545000024, "q_75": 4.357222427000011, "min": 4.3501486609999915, "max": 4.359142256000041, "mean": 4.354951143500017, "std": 0.003329071709900087, "repeat": 4, "number": 1}]}, "benchmarks.MediumPack.time_discharge_2cpu": {"result": [2.9332727614999783], "stats": [{"ci_99": [2.9222215730778545, 2.9615791429999945], "q_25": 2.930577158250003, "q_75": 2.9414270214999902, "min": 2.929247265000015, "max": 2.9615791429999945, "mean": 2.9385326104999954, "std": 0.011349215891229843, "repeat": 6, "number": 1}]}, "benchmarks.SmallPack.time_discharge_1cpu": {"result": [1.137758258500014], "stats": [{"ci_99": [1.1348178759999996, 1.140699331999997], "q_25": 1.1362713837499996, "q_75": 1.1390281257500305, "min": 1.1348178759999996, "max": 1.140699331999997, "mean": 1.1377755561000016, "std": 0.0019327079305511035, "repeat": 10, "number": 1}]}, "benchmarks.SmallPack.time_discharge_2cpu": {"result": [1.1493269869999665], "stats": [{"ci_99": [1.144753336000008, 1.1532819130000007], "q_25": 1.1472402177500385, "q_75": 1.1506986787500182, "min": 1.144753336000008, "max": 1.1532819130000007, "mean": 1.149027921200019, "std": 0.0027036723243492014, "repeat": 10, "number": 1}]}}, "params": {"machine": "GitHubRunner", "python": "3.8"}, "requirements": {}, "commit_hash": "82ab00ad257ccb2bc8dbcb71bc08baa30fa9ed43", "date": 1639676821000, "env_name": "virtualenv-py3.8", "python": "3.8", "profiles": {}, "started_at": {"benchmarks.BasicBenchmark.time_solve_model": 1641352747414, "benchmarks.LargePack.time_discharge_1cpu": 1641352752096, "benchmarks.LargePack.time_discharge_2cpu": 1641352768304, "benchmarks.LargePack.time_long_cycle_2cpu": 1641352465517, "benchmarks.MediumPack.time_discharge_1cpu": 1641352783695, "benchmarks.MediumPack.time_discharge_2cpu": 1641352797390, "benchmarks.SmallPack.time_discharge_1cpu": 1641352809828, "benchmarks.SmallPack.time_discharge_2cpu": 1641352817155}, "ended_at": {"benchmarks.BasicBenchmark.time_solve_model": 1641352752091, "benchmarks.LargePack.time_discharge_1cpu": 1641352768303, "benchmarks.LargePack.time_discharge_2cpu": 1641352783695, "benchmarks.LargePack.time_long_cycle_2cpu": 1641352705309, "benchmarks.MediumPack.time_discharge_1cpu": 1641352797390, "benchmarks.MediumPack.time_discharge_2cpu": 1641352809828, "benchmarks.SmallPack.time_discharge_1cpu": 1641352817154, "benchmarks.SmallPack.time_discharge_2cpu": 1641352824580}, "benchmark_version": {"benchmarks.BasicBenchmark.time_solve_model": "21dc88971553291c844a81300eeac2ae53f86ef7781bdb26086d1d57d88c8cec", "benchmarks.LargePack.time_discharge_1cpu": "5a2756f3bebd1d0e37e074eb74a0bca10c9ce960ed21316ad26e9583a10353f8", "benchmarks.LargePack.time_discharge_2cpu": "f19047f1071beb2e16eb288e9a2cb14f4b91fca1dd10a3dbe5c68078a908886d", "benchmarks.LargePack.time_long_cycle_2cpu": "886173c7f314c25dcd319de5a644065b170ce4fe889082fb1ebcead737f35d99", "benchmarks.MediumPack.time_discharge_1cpu": "b8aa492ab12a8aba37625a5c0deae1c109def02877ec79681d996a7f77cc595c", "benchmarks.MediumPack.time_discharge_2cpu": "850ba37f55027bfd05992888284a51f0f34d93dcdd99053c957faf34e763a327", "benchmarks.SmallPack.time_discharge_1cpu": "07ba66cea19ff93b549ef21d8e3a0e9282b00d59822764eb1b4ac75f74a0d9c9", "benchmarks.SmallPack.time_discharge_2cpu": "7d2cd2d77443c50c3db4ed879be8a6cc5ece070ec744f5ce5778304a5f2f1f27"}, "version": 1}