{"results": {"benchmarks.BasicBenchmark.time_solve_model": {"result": [0.8372724379999568], "stats": [{"ci_99": [0.8002301429999932, 0.8769925070000681], "q_25": 0.8160736820000025, "q_75": 0.8451578732500167, "min": 0.8002301429999932, "max": 0.8769925070000681, "mean": 0.8343693307999928, "std": 0.024062652735909445, "repeat": 10, "number": 1}]}, "benchmarks.LargePack.time_discharge_1cpu": {"result": [10.378411591499997], "stats": [{"ci_99": [-2.2334134834996746, 22.99023666649966], "q_25": 10.25229334075, "q_75": 10.504529842249994, "min": 10.126175090000004, "max": 10.63064809299999, "mean": 10.378411591499997, "std": 0.25223650149999344, "repeat": 2, "number": 1}]}, "benchmarks.LargePack.time_discharge_2cpu": {"result": [5.943280160500038], "stats": [{"ci_99": [-0.19654561450205676, 12.083105935502127], "q_25": 5.881881902750017, "q_75": 6.004678418250059, "min": 5.820483644999996, "max": 6.06607667600008, "mean": 5.943280160500038, "std": 0.12279651550004189, "repeat": 2, "number": 1}]}, "benchmarks.LargePack.time_long_cycle_2cpu": null, "benchmarks.MediumPack.time_discharge_1cpu": {"result": [6.273027560000003], "stats": [{"ci_99": [-4.552078589999894, 17.098133709999892], "q_25": 6.164776498500004, "q_75": 6.381278621500002, "min": 6.056525437000005, "max": 6.489529683000001, "mean": 6.273027560000003, "std": 0.21650212299999794, "repeat": 2, "number": 1}]}, "benchmarks.MediumPack.time_discharge_2cpu": {"result": [3.9276153829999885], "stats": [{"ci_99": [3.652474723756218, 4.186418498743799], "q_25": 3.8693700732499394, "q_75": 3.9776919210000585, "min": 3.7766694650000545, "max": 4.0458862140000065, "mean": 3.9194466112500095, "std": 0.09746955172303431, "repeat": 4, "number": 1}]}, "benchmarks.SmallPack.time_discharge_1cpu": {"result": [1.6432844420000379], "stats": [{"ci_99": [1.5931311709999818, 1.6922867900000256], "q_25": 1.632600311999937, "q_75": 1.6521976515000745, "min": 1.5931311709999818, "max": 1.6922867900000256, "mean": 1.6447922198000016, "std": 0.026512327270968694, "repeat": 10, "number": 1}]}, "benchmarks.SmallPack.time_discharge_2cpu": {"result": [1.6701595305000296], "stats": [{"ci_99": [1.617763922999984, 1.76043718599999], "q_25": 1.6383430739999483, "q_75": 1.6794415132499694, "min": 1.617763922999984, "max": 1.76043718599999, "mean": 1.667602296799987, "std": 0.03772715192398255, "repeat": 10, "number": 1}]}}, "params": {"machine": "GitHubRunner", "python": "3.8"}, "requirements": {}, "commit_hash": "82ab00ad257ccb2bc8dbcb71bc08baa30fa9ed43", "date": 1639676821000, "env_name": "virtualenv-py3.8", "python": "3.8", "profiles": {}, "started_at": {"benchmarks.BasicBenchmark.time_solve_model": 1640229587605, "benchmarks.LargePack.time_discharge_1cpu": 1640229594500, "benchmarks.LargePack.time_discharge_2cpu": 1640229616215, "benchmarks.LargePack.time_long_cycle_2cpu": 1640229240796, "benchmarks.MediumPack.time_discharge_1cpu": 1640229628905, "benchmarks.MediumPack.time_discharge_2cpu": 1640229641500, "benchmarks.SmallPack.time_discharge_1cpu": 1640229653591, "benchmarks.SmallPack.time_discharge_2cpu": 1640229664072}, "ended_at": {"benchmarks.BasicBenchmark.time_solve_model": 1640229594495, "benchmarks.LargePack.time_discharge_1cpu": 1640229616215, "benchmarks.LargePack.time_discharge_2cpu": 1640229628905, "benchmarks.LargePack.time_long_cycle_2cpu": 1640229538703, "benchmarks.MediumPack.time_discharge_1cpu": 1640229641499, "benchmarks.MediumPack.time_discharge_2cpu": 1640229653591, "benchmarks.SmallPack.time_discharge_1cpu": 1640229664071, "benchmarks.SmallPack.time_discharge_2cpu": 1640229674810}, "benchmark_version": {"benchmarks.BasicBenchmark.time_solve_model": "21dc88971553291c844a81300eeac2ae53f86ef7781bdb26086d1d57d88c8cec", "benchmarks.LargePack.time_discharge_1cpu": "5a2756f3bebd1d0e37e074eb74a0bca10c9ce960ed21316ad26e9583a10353f8", "benchmarks.LargePack.time_discharge_2cpu": "f19047f1071beb2e16eb288e9a2cb14f4b91fca1dd10a3dbe5c68078a908886d", "benchmarks.LargePack.time_long_cycle_2cpu": "886173c7f314c25dcd319de5a644065b170ce4fe889082fb1ebcead737f35d99", "benchmarks.MediumPack.time_discharge_1cpu": "b8aa492ab12a8aba37625a5c0deae1c109def02877ec79681d996a7f77cc595c", "benchmarks.MediumPack.time_discharge_2cpu": "850ba37f55027bfd05992888284a51f0f34d93dcdd99053c957faf34e763a327", "benchmarks.SmallPack.time_discharge_1cpu": "07ba66cea19ff93b549ef21d8e3a0e9282b00d59822764eb1b4ac75f74a0d9c9", "benchmarks.SmallPack.time_discharge_2cpu": "7d2cd2d77443c50c3db4ed879be8a6cc5ece070ec744f5ce5778304a5f2f1f27"}, "version": 1}