{"results": {"benchmarks.BasicBenchmark.time_solve_model": {"result": [0.5575535310000106], "stats": [{"ci_99": [0.5540450730000259, 0.5642122170000334], "q_25": 0.554886808500008, "q_75": 0.5608882032499878, "min": 0.5540450730000259, "max": 0.5642122170000334, "mean": 0.5580719460000096, "std": 0.0034727848681489976, "repeat": 10, "number": 1}]}, "benchmarks.LargePack.time_discharge_1cpu": {"result": [7.793973653000009], "stats": [{"ci_99": [5.165019103000091, 10.422928202999925], "q_25": 7.76768410750001, "q_75": 7.820263198500008, "min": 7.741394562000011, "max": 7.846552744000007, "mean": 7.793973653000009, "std": 0.05257909099999836, "repeat": 2, "number": 1}]}, "benchmarks.LargePack.time_discharge_2cpu": {"result": [4.932277874999997], "stats": [{"ci_99": [3.6051336250008177, 6.259422124999175], "q_25": 4.919006432500005, "q_75": 4.945549317499989, "min": 4.905734990000013, "max": 4.9588207599999805, "mean": 4.932277874999997, "std": 0.026542884999983585, "repeat": 2, "number": 1}]}, "benchmarks.LargePack.time_long_cycle_2cpu": null, "benchmarks.MediumPack.time_discharge_1cpu": {"result": [4.4346815770000205], "stats": [{"ci_99": [4.408237074717932, 4.459626306782069], "q_25": 4.4280417132500105, "q_75": 4.440571554500011, "min": 4.421087677999992, "max": 4.445275930999969, "mean": 4.433931690750001, "std": 0.009112380569412158, "repeat": 4, "number": 1}]}, "benchmarks.MediumPack.time_discharge_2cpu": {"result": [3.020047126999998], "stats": [{"ci_99": [2.970416278133982, 3.085317543999963], "q_25": 2.9972899507500017, "q_75": 3.0343287722500207, "min": 2.982319111000038, "max": 3.085317543999963, "mean": 3.022754075833338, "std": 0.03367933068171395, "repeat": 6, "number": 1}]}, "benchmarks.SmallPack.time_discharge_1cpu": {"result": [1.1564298820000545], "stats": [{"ci_99": [1.1518226219999974, 1.161679036999999], "q_25": 1.1551157327499908, "q_75": 1.156967655999992, "min": 1.1518226219999974, "max": 1.161679036999999, "mean": 1.1560453734000078, "std": 0.0026134979424023634, "repeat": 10, "number": 1}]}, "benchmarks.SmallPack.time_discharge_2cpu": {"result": [1.1644659879999892], "stats": [{"ci_99": [1.1628598720000127, 1.177311705999955], "q_25": 1.1638980404999586, "q_75": 1.1661999225000557, "min": 1.1628598720000127, "max": 1.177311705999955, "mean": 1.1661517489999995, "std": 0.0041434832092137565, "repeat": 10, "number": 1}]}}, "params": {"machine": "GitHubRunner", "python": "3.8"}, "requirements": {}, "commit_hash": "82ab00ad257ccb2bc8dbcb71bc08baa30fa9ed43", "date": 1639676821000, "env_name": "virtualenv-py3.8", "python": "3.8", "profiles": {}, "started_at": {"benchmarks.BasicBenchmark.time_solve_model": 1642216846045, "benchmarks.LargePack.time_discharge_1cpu": 1642216850819, "benchmarks.LargePack.time_discharge_2cpu": 1642216867320, "benchmarks.LargePack.time_long_cycle_2cpu": 1642216560017, "benchmarks.MediumPack.time_discharge_1cpu": 1642216877901, "benchmarks.MediumPack.time_discharge_2cpu": 1642216891840, "benchmarks.SmallPack.time_discharge_1cpu": 1642216904573, "benchmarks.SmallPack.time_discharge_2cpu": 1642216912049}, "ended_at": {"benchmarks.BasicBenchmark.time_solve_model": 1642216850816, "benchmarks.LargePack.time_discharge_1cpu": 1642216867320, "benchmarks.LargePack.time_discharge_2cpu": 1642216877901, "benchmarks.LargePack.time_long_cycle_2cpu": 1642216803060, "benchmarks.MediumPack.time_discharge_1cpu": 1642216891840, "benchmarks.MediumPack.time_discharge_2cpu": 1642216904572, "benchmarks.SmallPack.time_discharge_1cpu": 1642216912049, "benchmarks.SmallPack.time_discharge_2cpu": 1642216919628}, "benchmark_version": {"benchmarks.BasicBenchmark.time_solve_model": "21dc88971553291c844a81300eeac2ae53f86ef7781bdb26086d1d57d88c8cec", "benchmarks.LargePack.time_discharge_1cpu": "5a2756f3bebd1d0e37e074eb74a0bca10c9ce960ed21316ad26e9583a10353f8", "benchmarks.LargePack.time_discharge_2cpu": "f19047f1071beb2e16eb288e9a2cb14f4b91fca1dd10a3dbe5c68078a908886d", "benchmarks.LargePack.time_long_cycle_2cpu": "886173c7f314c25dcd319de5a644065b170ce4fe889082fb1ebcead737f35d99", "benchmarks.MediumPack.time_discharge_1cpu": "b8aa492ab12a8aba37625a5c0deae1c109def02877ec79681d996a7f77cc595c", "benchmarks.MediumPack.time_discharge_2cpu": "850ba37f55027bfd05992888284a51f0f34d93dcdd99053c957faf34e763a327", "benchmarks.SmallPack.time_discharge_1cpu": "07ba66cea19ff93b549ef21d8e3a0e9282b00d59822764eb1b4ac75f74a0d9c9", "benchmarks.SmallPack.time_discharge_2cpu": "7d2cd2d77443c50c3db4ed879be8a6cc5ece070ec744f5ce5778304a5f2f1f27"}, "version": 1}