{"results": {"benchmarks.BasicBenchmark.time_solve_model": {"result": [0.556344872000011], "stats": [{"ci_99": [0.5499694619999786, 0.5606011379999813], "q_25": 0.5524434989999918, "q_75": 0.5586420619999899, "min": 0.5499694619999786, "max": 0.5606011379999813, "mean": 0.5556957021999949, "std": 0.0035095966532729477, "repeat": 10, "number": 1}]}, "benchmarks.LargePack.time_discharge_1cpu": {"result": [7.8341140605000135], "stats": [{"ci_99": [4.492697335499912, 11.175530785500111], "q_25": 7.8006998932500125, "q_75": 7.8675282277500145, "min": 7.767285726000011, "max": 7.9009423950000155, "mean": 7.8341140605000135, "std": 0.06682833450000203, "repeat": 2, "number": 1}]}, "benchmarks.LargePack.time_discharge_2cpu": {"result": [4.978868520500015], "stats": [{"ci_99": [3.9616926955004317, 5.996044345499597], "q_25": 4.968696762250019, "q_75": 4.989040278750011, "min": 4.958525004000023, "max": 4.999212037000007, "mean": 4.978868520500015, "std": 0.020343516499991665, "repeat": 2, "number": 1}]}, "benchmarks.LargePack.time_long_cycle_2cpu": null, "benchmarks.MediumPack.time_discharge_1cpu": {"result": [4.443478466000016], "stats": [{"ci_99": [4.398575136233178, 4.482306901766832], "q_25": 4.4304041737499915, "q_75": 4.45351531125003, "min": 4.419309695999971, "max": 4.455497448000017, "mean": 4.440441019000005, "std": 0.014726717001660403, "repeat": 4, "number": 1}]}, "benchmarks.MediumPack.time_discharge_2cpu": {"result": [3.033883728500001], "stats": [{"ci_99": [3.0131495582306314, 3.0592871381027664], "q_25": 3.026376491000036, "q_75": 3.0461332752500283, "min": 3.017073269000093, "max": 3.0583788270000127, "mean": 3.036218348166699, "std": 0.014059832386634219, "repeat": 6, "number": 1}]}, "benchmarks.SmallPack.time_discharge_1cpu": {"result": [1.149471640999991], "stats": [{"ci_99": [1.1469355140000062, 1.1569808060000923], "q_25": 1.1478118527499817, "q_75": 1.1510954447499842, "min": 1.1469355140000062, "max": 1.1569808060000923, "mean": 1.1501146257000017, "std": 0.0029902459844070046, "repeat": 10, "number": 1}]}, "benchmarks.SmallPack.time_discharge_2cpu": {"result": [1.162602848000006], "stats": [{"ci_99": [1.1522850009999956, 1.1673355069999616], "q_25": 1.15613923100004, "q_75": 1.1639164037499938, "min": 1.1522850009999956, "max": 1.1673355069999616, "mean": 1.160617862700002, "std": 0.0049445725951013245, "repeat": 10, "number": 1}]}}, "params": {"machine": "GitHubRunner", "python": "3.8"}, "requirements": {}, "commit_hash": "82ab00ad257ccb2bc8dbcb71bc08baa30fa9ed43", "date": 1639676821000, "env_name": "virtualenv-py3.8", "python": "3.8", "profiles": {}, "started_at": {"benchmarks.BasicBenchmark.time_solve_model": 1642044049471, "benchmarks.LargePack.time_discharge_1cpu": 1642044054215, "benchmarks.LargePack.time_discharge_2cpu": 1642044070826, "benchmarks.LargePack.time_long_cycle_2cpu": 1642043746220, "benchmarks.MediumPack.time_discharge_1cpu": 1642044081509, "benchmarks.MediumPack.time_discharge_2cpu": 1642044095512, "benchmarks.SmallPack.time_discharge_1cpu": 1642044108350, "benchmarks.SmallPack.time_discharge_2cpu": 1642044115830}, "ended_at": {"benchmarks.BasicBenchmark.time_solve_model": 1642044054211, "benchmarks.LargePack.time_discharge_1cpu": 1642044070825, "benchmarks.LargePack.time_discharge_2cpu": 1642044081509, "benchmarks.LargePack.time_long_cycle_2cpu": 1642044006281, "benchmarks.MediumPack.time_discharge_1cpu": 1642044095512, "benchmarks.MediumPack.time_discharge_2cpu": 1642044108349, "benchmarks.SmallPack.time_discharge_1cpu": 1642044115829, "benchmarks.SmallPack.time_discharge_2cpu": 1642044123359}, "benchmark_version": {"benchmarks.BasicBenchmark.time_solve_model": "21dc88971553291c844a81300eeac2ae53f86ef7781bdb26086d1d57d88c8cec", "benchmarks.LargePack.time_discharge_1cpu": "5a2756f3bebd1d0e37e074eb74a0bca10c9ce960ed21316ad26e9583a10353f8", "benchmarks.LargePack.time_discharge_2cpu": "f19047f1071beb2e16eb288e9a2cb14f4b91fca1dd10a3dbe5c68078a908886d", "benchmarks.LargePack.time_long_cycle_2cpu": "886173c7f314c25dcd319de5a644065b170ce4fe889082fb1ebcead737f35d99", "benchmarks.MediumPack.time_discharge_1cpu": "b8aa492ab12a8aba37625a5c0deae1c109def02877ec79681d996a7f77cc595c", "benchmarks.MediumPack.time_discharge_2cpu": "850ba37f55027bfd05992888284a51f0f34d93dcdd99053c957faf34e763a327", "benchmarks.SmallPack.time_discharge_1cpu": "07ba66cea19ff93b549ef21d8e3a0e9282b00d59822764eb1b4ac75f74a0d9c9", "benchmarks.SmallPack.time_discharge_2cpu": "7d2cd2d77443c50c3db4ed879be8a6cc5ece070ec744f5ce5778304a5f2f1f27"}, "version": 1}