{"results": {"benchmarks.BasicBenchmark.time_solve_model": {"result": [0.8624287220000326], "stats": [{"ci_99": [0.8384806309999249, 0.8975508910000372], "q_25": 0.8517122869999696, "q_75": 0.8804690902499885, "min": 0.8384806309999249, "max": 0.8975508910000372, "mean": 0.86585659509999, "std": 0.01783352314531115, "repeat": 10, "number": 1}]}, "benchmarks.LargePack.time_discharge_1cpu": {"result": [11.136443775500027], "stats": [{"ci_99": [6.088733400498825, 16.184154150501225], "q_25": 11.085966671750015, "q_75": 11.186920879250039, "min": 11.035489568000003, "max": 11.23739798300005, "mean": 11.136443775500027, "std": 0.10095420750002404, "repeat": 2, "number": 1}]}, "benchmarks.LargePack.time_discharge_2cpu": {"result": [6.881700823500012], "stats": [{"ci_99": [2.9644939485008877, 10.798907698499132], "q_25": 6.84252875475002, "q_75": 6.920872892250003, "min": 6.803356686000029, "max": 6.960044960999994, "mean": 6.881700823500012, "std": 0.07834413749998248, "repeat": 2, "number": 1}]}, "benchmarks.LargePack.time_long_cycle_2cpu": null, "benchmarks.MediumPack.time_discharge_1cpu": {"result": [6.477020826], "stats": [{"ci_99": [6.430267626001239, 6.523774025998762], "q_25": 6.476553294000013, "q_75": 6.477488357999988, "min": 6.476085762000025, "max": 6.477955889999976, "mean": 6.477020826, "std": 0.0009350639999752275, "repeat": 2, "number": 1}]}, "benchmarks.MediumPack.time_discharge_2cpu": {"result": [4.226172928500034], "stats": [{"ci_99": [4.161733004702504, 4.3219850922975604], "q_25": 4.220920356250048, "q_75": 4.247111620750019, "min": 4.216976032000048, "max": 4.298114305000013, "mean": 4.241859048500032, "std": 0.032813638984527375, "repeat": 4, "number": 1}]}, "benchmarks.SmallPack.time_discharge_1cpu": {"result": [1.7711913640000034], "stats": [{"ci_99": [1.7362925680000671, 1.813166195000008], "q_25": 1.757888885749935, "q_75": 1.784182683249952, "min": 1.7362925680000671, "max": 1.813166195000008, "mean": 1.772102962799977, "std": 0.02071349798507966, "repeat": 10, "number": 1}]}, "benchmarks.SmallPack.time_discharge_2cpu": {"result": [1.8087937365000357], "stats": [{"ci_99": [1.7668356739999354, 1.8264447819999532], "q_25": 1.7925438817500208, "q_75": 1.820356479499992, "min": 1.7668356739999354, "max": 1.8264447819999532, "mean": 1.802768804599998, "std": 0.02008905625395054, "repeat": 10, "number": 1}]}}, "params": {"machine": "GitHubRunner", "python": "3.8"}, "requirements": {}, "commit_hash": "82ab00ad257ccb2bc8dbcb71bc08baa30fa9ed43", "date": 1639676821000, "env_name": "virtualenv-py3.8", "python": "3.8", "profiles": {}, "started_at": {"benchmarks.BasicBenchmark.time_solve_model": 1641525835213, "benchmarks.LargePack.time_discharge_1cpu": 1641525842530, "benchmarks.LargePack.time_discharge_2cpu": 1641525865860, "benchmarks.LargePack.time_long_cycle_2cpu": 1641525441502, "benchmarks.MediumPack.time_discharge_1cpu": 1641525880156, "benchmarks.MediumPack.time_discharge_2cpu": 1641525893706, "benchmarks.SmallPack.time_discharge_1cpu": 1641525907254, "benchmarks.SmallPack.time_discharge_2cpu": 1641525918661}, "ended_at": {"benchmarks.BasicBenchmark.time_solve_model": 1641525842525, "benchmarks.LargePack.time_discharge_1cpu": 1641525865859, "benchmarks.LargePack.time_discharge_2cpu": 1641525880156, "benchmarks.LargePack.time_long_cycle_2cpu": 1641525783273, "benchmarks.MediumPack.time_discharge_1cpu": 1641525893706, "benchmarks.MediumPack.time_discharge_2cpu": 1641525907253, "benchmarks.SmallPack.time_discharge_1cpu": 1641525918660, "benchmarks.SmallPack.time_discharge_2cpu": 1641525930206}, "benchmark_version": {"benchmarks.BasicBenchmark.time_solve_model": "21dc88971553291c844a81300eeac2ae53f86ef7781bdb26086d1d57d88c8cec", "benchmarks.LargePack.time_discharge_1cpu": "5a2756f3bebd1d0e37e074eb74a0bca10c9ce960ed21316ad26e9583a10353f8", "benchmarks.LargePack.time_discharge_2cpu": "f19047f1071beb2e16eb288e9a2cb14f4b91fca1dd10a3dbe5c68078a908886d", "benchmarks.LargePack.time_long_cycle_2cpu": "886173c7f314c25dcd319de5a644065b170ce4fe889082fb1ebcead737f35d99", "benchmarks.MediumPack.time_discharge_1cpu": "b8aa492ab12a8aba37625a5c0deae1c109def02877ec79681d996a7f77cc595c", "benchmarks.MediumPack.time_discharge_2cpu": "850ba37f55027bfd05992888284a51f0f34d93dcdd99053c957faf34e763a327", "benchmarks.SmallPack.time_discharge_1cpu": "07ba66cea19ff93b549ef21d8e3a0e9282b00d59822764eb1b4ac75f74a0d9c9", "benchmarks.SmallPack.time_discharge_2cpu": "7d2cd2d77443c50c3db4ed879be8a6cc5ece070ec744f5ce5778304a5f2f1f27"}, "version": 1}