{"results": {"benchmarks.BasicBenchmark.time_solve_model": {"result": [0.6254234309999873], "stats": [{"ci_99": [0.6192271769999991, 0.6308966810000243], "q_25": 0.6219355684999925, "q_75": 0.6290538162500212, "min": 0.6192271769999991, "max": 0.6308966810000243, "mean": 0.6252718432000023, "std": 0.004112467134763383, "repeat": 10, "number": 1}]}, "benchmarks.LargePack.time_discharge_1cpu": {"result": [7.811668505], "stats": [{"ci_99": [5.367186055000559, 10.25615095499944], "q_25": 7.787223680500006, "q_75": 7.8361133294999945, "min": 7.762778856000011, "max": 7.860558153999989, "mean": 7.811668505, "std": 0.04888964899998882, "repeat": 2, "number": 1}]}, "benchmarks.LargePack.time_discharge_2cpu": {"result": [4.900517399999998], "stats": [{"ci_99": [4.109549750000113, 5.691485049999883], "q_25": 4.892607723499999, "q_75": 4.908427076499997, "min": 4.8846980470000005, "max": 4.916336752999996, "mean": 4.900517399999998, "std": 0.015819352999997705, "repeat": 2, "number": 1}]}, "benchmarks.LargePack.time_long_cycle_2cpu": null, "benchmarks.MediumPack.time_discharge_1cpu": {"result": [4.475924893500036], "stats": [{"ci_99": [4.422283379013221, 4.532905499986827], "q_25": 4.460807462500014, "q_75": 4.492711870500045, "min": 4.455920509000009, "max": 4.5026074620000145, "mean": 4.477594439500024, "std": 0.01913675588732617, "repeat": 4, "number": 1}]}, "benchmarks.MediumPack.time_discharge_2cpu": {"result": [3.0343857549999598], "stats": [{"ci_99": [3.022618730889625, 3.051012839000009], "q_25": 3.0297478732499883, "q_75": 3.041229994999952, "min": 3.0262513780000404, "max": 3.051012839000009, "mean": 3.036291507999986, "std": 0.008492754849016343, "repeat": 6, "number": 1}]}, "benchmarks.SmallPack.time_discharge_1cpu": {"result": [1.2235470310000096], "stats": [{"ci_99": [1.2195518710000215, 1.2389781919999905], "q_25": 1.2216256070000497, "q_75": 1.226005778000001, "min": 1.2195518710000215, "max": 1.2389781919999905, "mean": 1.2251005981000276, "std": 0.005466792013330501, "repeat": 10, "number": 1}]}, "benchmarks.SmallPack.time_discharge_2cpu": {"result": [1.2310165785000322], "stats": [{"ci_99": [1.2265349170000377, 1.234469665000006], "q_25": 1.2288174292500145, "q_75": 1.231612853750022, "min": 1.2265349170000377, "max": 1.234469665000006, "mean": 1.2306566998000164, "std": 0.0024016062499711993, "repeat": 10, "number": 1}]}}, "params": {"machine": "GitHubRunner", "python": "3.8"}, "requirements": {}, "commit_hash": "82ab00ad257ccb2bc8dbcb71bc08baa30fa9ed43", "date": 1639676821000, "env_name": "virtualenv-py3.8", "python": "3.8", "profiles": {}, "started_at": {"benchmarks.BasicBenchmark.time_solve_model": 1640315871350, "benchmarks.LargePack.time_discharge_1cpu": 1640315876504, "benchmarks.LargePack.time_discharge_2cpu": 1640315892959, "benchmarks.LargePack.time_long_cycle_2cpu": 1640315577290, "benchmarks.MediumPack.time_discharge_1cpu": 1640315903540, "benchmarks.MediumPack.time_discharge_2cpu": 1640315917688, "benchmarks.SmallPack.time_discharge_1cpu": 1640315930523, "benchmarks.SmallPack.time_discharge_2cpu": 1640315938451}, "ended_at": {"benchmarks.BasicBenchmark.time_solve_model": 1640315876502, "benchmarks.LargePack.time_discharge_1cpu": 1640315892959, "benchmarks.LargePack.time_discharge_2cpu": 1640315903539, "benchmarks.LargePack.time_long_cycle_2cpu": 1640315827555, "benchmarks.MediumPack.time_discharge_1cpu": 1640315917688, "benchmarks.MediumPack.time_discharge_2cpu": 1640315930522, "benchmarks.SmallPack.time_discharge_1cpu": 1640315938451, "benchmarks.SmallPack.time_discharge_2cpu": 1640315946380}, "benchmark_version": {"benchmarks.BasicBenchmark.time_solve_model": "21dc88971553291c844a81300eeac2ae53f86ef7781bdb26086d1d57d88c8cec", "benchmarks.LargePack.time_discharge_1cpu": "5a2756f3bebd1d0e37e074eb74a0bca10c9ce960ed21316ad26e9583a10353f8", "benchmarks.LargePack.time_discharge_2cpu": "f19047f1071beb2e16eb288e9a2cb14f4b91fca1dd10a3dbe5c68078a908886d", "benchmarks.LargePack.time_long_cycle_2cpu": "886173c7f314c25dcd319de5a644065b170ce4fe889082fb1ebcead737f35d99", "benchmarks.MediumPack.time_discharge_1cpu": "b8aa492ab12a8aba37625a5c0deae1c109def02877ec79681d996a7f77cc595c", "benchmarks.MediumPack.time_discharge_2cpu": "850ba37f55027bfd05992888284a51f0f34d93dcdd99053c957faf34e763a327", "benchmarks.SmallPack.time_discharge_1cpu": "07ba66cea19ff93b549ef21d8e3a0e9282b00d59822764eb1b4ac75f74a0d9c9", "benchmarks.SmallPack.time_discharge_2cpu": "7d2cd2d77443c50c3db4ed879be8a6cc5ece070ec744f5ce5778304a5f2f1f27"}, "version": 1}