{"results": {"benchmarks.BasicBenchmark.time_solve_model": {"result": [0.6328982009999891], "stats": [{"ci_99": [0.6295191200000545, 0.6376789570000483], "q_25": 0.6311976782499613, "q_75": 0.6345386667500748, "min": 0.6295191200000545, "max": 0.6376789570000483, "mean": 0.6331357940000146, "std": 0.0026803775776669736, "repeat": 10, "number": 1}]}, "benchmarks.LargePack.time_discharge_1cpu": {"result": [7.859711060500018], "stats": [{"ci_99": [7.210964585499113, 8.508457535500924], "q_25": 7.853223595750009, "q_75": 7.866198525250027, "min": 7.846736131, "max": 7.872685990000036, "mean": 7.859711060500018, "std": 0.012974929500018106, "repeat": 2, "number": 1}]}, "benchmarks.LargePack.time_discharge_2cpu": {"result": [4.9949972219999665], "stats": [{"ci_99": [4.14627937200234, 5.843715071997592], "q_25": 4.98651004349999, "q_75": 5.003484400499943, "min": 4.978022865000014, "max": 5.011971578999919, "mean": 4.9949972219999665, "std": 0.016974356999952533, "repeat": 2, "number": 1}]}, "benchmarks.LargePack.time_long_cycle_2cpu": null, "benchmarks.MediumPack.time_discharge_1cpu": {"result": [4.505566194500034], "stats": [{"ci_99": [4.494771237850825, 4.518432453649227], "q_25": 4.5043631497500485, "q_75": 4.507804890500012, "min": 4.50139032300001, "max": 4.513884671000028, "mean": 4.506601845750026, "std": 0.004539676061136262, "repeat": 4, "number": 1}]}, "benchmarks.MediumPack.time_discharge_2cpu": {"result": [3.094155762499952], "stats": [{"ci_99": [3.0497707162859653, 3.1492513859999463], "q_25": 3.074530598249993, "q_75": 3.104019104499997, "min": 3.0581726269999763, "max": 3.1492513859999463, "mean": 3.0951718833333075, "std": 0.02921298726408555, "repeat": 6, "number": 1}]}, "benchmarks.SmallPack.time_discharge_1cpu": {"result": [1.2251595390000034], "stats": [{"ci_99": [1.2204934510000385, 1.2281311120000282], "q_25": 1.2238546742500205, "q_75": 1.2273190754999064, "min": 1.2204934510000385, "max": 1.2281311120000282, "mean": 1.225173203399993, "std": 0.0023204844246098805, "repeat": 10, "number": 1}]}, "benchmarks.SmallPack.time_discharge_2cpu": {"result": [1.2387195259999544], "stats": [{"ci_99": [1.2319976759999918, 1.2566075119999596], "q_25": 1.2353233352500297, "q_75": 1.2446598329999574, "min": 1.2319976759999918, "max": 1.2566075119999596, "mean": 1.24044565129999, "std": 0.007398516763141017, "repeat": 10, "number": 1}]}}, "params": {"machine": "GitHubRunner", "python": "3.8"}, "requirements": {}, "commit_hash": "82ab00ad257ccb2bc8dbcb71bc08baa30fa9ed43", "date": 1639676821000, "env_name": "virtualenv-py3.8", "python": "3.8", "profiles": {}, "started_at": {"benchmarks.BasicBenchmark.time_solve_model": 1640488769032, "benchmarks.LargePack.time_discharge_1cpu": 1640488774327, "benchmarks.LargePack.time_discharge_2cpu": 1640488790736, "benchmarks.LargePack.time_long_cycle_2cpu": 1640488475876, "benchmarks.MediumPack.time_discharge_1cpu": 1640488801370, "benchmarks.MediumPack.time_discharge_2cpu": 1640488815523, "benchmarks.SmallPack.time_discharge_1cpu": 1640488828610, "benchmarks.SmallPack.time_discharge_2cpu": 1640488836491}, "ended_at": {"benchmarks.BasicBenchmark.time_solve_model": 1640488774323, "benchmarks.LargePack.time_discharge_1cpu": 1640488790735, "benchmarks.LargePack.time_discharge_2cpu": 1640488801370, "benchmarks.LargePack.time_long_cycle_2cpu": 1640488724819, "benchmarks.MediumPack.time_discharge_1cpu": 1640488815523, "benchmarks.MediumPack.time_discharge_2cpu": 1640488828610, "benchmarks.SmallPack.time_discharge_1cpu": 1640488836491, "benchmarks.SmallPack.time_discharge_2cpu": 1640488844521}, "benchmark_version": {"benchmarks.BasicBenchmark.time_solve_model": "21dc88971553291c844a81300eeac2ae53f86ef7781bdb26086d1d57d88c8cec", "benchmarks.LargePack.time_discharge_1cpu": "5a2756f3bebd1d0e37e074eb74a0bca10c9ce960ed21316ad26e9583a10353f8", "benchmarks.LargePack.time_discharge_2cpu": "f19047f1071beb2e16eb288e9a2cb14f4b91fca1dd10a3dbe5c68078a908886d", "benchmarks.LargePack.time_long_cycle_2cpu": "886173c7f314c25dcd319de5a644065b170ce4fe889082fb1ebcead737f35d99", "benchmarks.MediumPack.time_discharge_1cpu": "b8aa492ab12a8aba37625a5c0deae1c109def02877ec79681d996a7f77cc595c", "benchmarks.MediumPack.time_discharge_2cpu": "850ba37f55027bfd05992888284a51f0f34d93dcdd99053c957faf34e763a327", "benchmarks.SmallPack.time_discharge_1cpu": "07ba66cea19ff93b549ef21d8e3a0e9282b00d59822764eb1b4ac75f74a0d9c9", "benchmarks.SmallPack.time_discharge_2cpu": "7d2cd2d77443c50c3db4ed879be8a6cc5ece070ec744f5ce5778304a5f2f1f27"}, "version": 1}