{"results": {"benchmarks.BasicBenchmark.time_solve_model": {"result": [0.6228218450000611], "stats": [{"ci_99": [0.6149650730000076, 0.6358627310000884], "q_25": 0.6162935467500148, "q_75": 0.6280473220000147, "min": 0.6149650730000076, "max": 0.6358627310000884, "mean": 0.6230173878000244, "std": 0.007193737951175355, "repeat": 10, "number": 1}]}, "benchmarks.LargePack.time_discharge_1cpu": {"result": [7.7726795480000135], "stats": [{"ci_99": [5.085241097999557, 10.460117998000468], "q_25": 7.745805163500009, "q_75": 7.799553932500018, "min": 7.718930779000004, "max": 7.826428317000023, "mean": 7.7726795480000135, "std": 0.05374876900000913, "repeat": 2, "number": 1}]}, "benchmarks.LargePack.time_discharge_2cpu": {"result": [4.942451461499985], "stats": [{"ci_99": [4.8580885864980985, 5.026814336501872], "q_25": 4.941607832749966, "q_75": 4.943295090250004, "min": 4.940764203999947, "max": 4.944138719000023, "mean": 4.942451461499985, "std": 0.001687257500037731, "repeat": 2, "number": 1}]}, "benchmarks.LargePack.time_long_cycle_2cpu": null, "benchmarks.MediumPack.time_discharge_1cpu": {"result": [4.476630841500025], "stats": [{"ci_99": [4.474078633207205, 4.4792425532928855], "q_25": 4.476204329500007, "q_75": 4.477087105250064, "min": 4.4753413750000846, "max": 4.478039315000046, "mean": 4.476660593250045, "std": 0.0009593676648135377, "repeat": 4, "number": 1}]}, "benchmarks.MediumPack.time_discharge_2cpu": {"result": [3.0389582844999268], "stats": [{"ci_99": [3.004242469000019, 3.0555654341476863], "q_25": 3.0340246129999286, "q_75": 3.040006720499946, "min": 3.004242469000019, "max": 3.053974808000021, "mean": 3.0348116834999623, "std": 0.015123266907125088, "repeat": 6, "number": 1}]}, "benchmarks.SmallPack.time_discharge_1cpu": {"result": [1.2058669039999472], "stats": [{"ci_99": [1.2017211160000443, 1.2143296819999705], "q_25": 1.204381324250022, "q_75": 1.2083514085000786, "min": 1.2017211160000443, "max": 1.2143296819999705, "mean": 1.206594525300011, "std": 0.0035023212996568302, "repeat": 10, "number": 1}]}, "benchmarks.SmallPack.time_discharge_2cpu": {"result": [1.2194640230000573], "stats": [{"ci_99": [1.21212755199997, 1.2292054669999288], "q_25": 1.2155242870000507, "q_75": 1.224603337249988, "min": 1.21212755199997, "max": 1.2292054669999288, "mean": 1.2200297449000117, "std": 0.005630633712134126, "repeat": 10, "number": 1}]}}, "params": {"machine": "GitHubRunner", "python": "3.8"}, "requirements": {}, "commit_hash": "82ab00ad257ccb2bc8dbcb71bc08baa30fa9ed43", "date": 1639676821000, "env_name": "virtualenv-py3.8", "python": "3.8", "profiles": {}, "started_at": {"benchmarks.BasicBenchmark.time_solve_model": 1640920752008, "benchmarks.LargePack.time_discharge_1cpu": 1640920757204, "benchmarks.LargePack.time_discharge_2cpu": 1640920773612, "benchmarks.LargePack.time_long_cycle_2cpu": 1640920464388, "benchmarks.MediumPack.time_discharge_1cpu": 1640920784143, "benchmarks.MediumPack.time_discharge_2cpu": 1640920798192, "benchmarks.SmallPack.time_discharge_1cpu": 1640920810926, "benchmarks.SmallPack.time_discharge_2cpu": 1640920818706}, "ended_at": {"benchmarks.BasicBenchmark.time_solve_model": 1640920757199, "benchmarks.LargePack.time_discharge_1cpu": 1640920773612, "benchmarks.LargePack.time_discharge_2cpu": 1640920784143, "benchmarks.LargePack.time_long_cycle_2cpu": 1640920707765, "benchmarks.MediumPack.time_discharge_1cpu": 1640920798192, "benchmarks.MediumPack.time_discharge_2cpu": 1640920810926, "benchmarks.SmallPack.time_discharge_1cpu": 1640920818705, "benchmarks.SmallPack.time_discharge_2cpu": 1640920826533}, "benchmark_version": {"benchmarks.BasicBenchmark.time_solve_model": "21dc88971553291c844a81300eeac2ae53f86ef7781bdb26086d1d57d88c8cec", "benchmarks.LargePack.time_discharge_1cpu": "5a2756f3bebd1d0e37e074eb74a0bca10c9ce960ed21316ad26e9583a10353f8", "benchmarks.LargePack.time_discharge_2cpu": "f19047f1071beb2e16eb288e9a2cb14f4b91fca1dd10a3dbe5c68078a908886d", "benchmarks.LargePack.time_long_cycle_2cpu": "886173c7f314c25dcd319de5a644065b170ce4fe889082fb1ebcead737f35d99", "benchmarks.MediumPack.time_discharge_1cpu": "b8aa492ab12a8aba37625a5c0deae1c109def02877ec79681d996a7f77cc595c", "benchmarks.MediumPack.time_discharge_2cpu": "850ba37f55027bfd05992888284a51f0f34d93dcdd99053c957faf34e763a327", "benchmarks.SmallPack.time_discharge_1cpu": "07ba66cea19ff93b549ef21d8e3a0e9282b00d59822764eb1b4ac75f74a0d9c9", "benchmarks.SmallPack.time_discharge_2cpu": "7d2cd2d77443c50c3db4ed879be8a6cc5ece070ec744f5ce5778304a5f2f1f27"}, "version": 1}