{"results": {"benchmarks.BasicBenchmark.time_solve_model": {"result": [0.553800532000011], "stats": [{"ci_99": [0.5475520410000172, 0.5611147480000227], "q_25": 0.5497416930000014, "q_75": 0.5591207432500482, "min": 0.5475520410000172, "max": 0.5611147480000227, "mean": 0.5543438422000122, "std": 0.004920899271573972, "repeat": 10, "number": 1}]}, "benchmarks.LargePack.time_discharge_1cpu": {"result": [7.728511425000036], "stats": [{"ci_99": [4.353688774998417, 11.103334075001651], "q_25": 7.69476319850002, "q_75": 7.762259651500052, "min": 7.661014972000004, "max": 7.796007878000069, "mean": 7.728511425000036, "std": 0.06749645300003237, "repeat": 2, "number": 1}]}, "benchmarks.LargePack.time_discharge_2cpu": {"result": [4.913463948], "stats": [{"ci_99": [4.30321464800069, 5.52371324799931], "q_25": 4.907361455000007, "q_75": 4.9195664409999935, "min": 4.901258962000014, "max": 4.925668933999987, "mean": 4.913463948, "std": 0.012204985999986206, "repeat": 2, "number": 1}]}, "benchmarks.LargePack.time_long_cycle_2cpu": null, "benchmarks.MediumPack.time_discharge_1cpu": {"result": [4.417785160999983], "stats": [{"ci_99": [4.387024214410513, 4.459382797089479], "q_25": 4.4131149047499605, "q_75": 4.427873762000019, "min": 4.410845155000061, "max": 4.446398545999955, "mean": 4.423203505749996, "std": 0.013965039543609895, "repeat": 4, "number": 1}]}, "benchmarks.MediumPack.time_discharge_2cpu": {"result": [3.0269190785000433], "stats": [{"ci_99": [3.004314375388253, 3.0573400139451077], "q_25": 3.0175803525000617, "q_75": 3.045439990750026, "min": 3.012113496999973, "max": 3.0529304419999335, "mean": 3.03082719466668, "std": 0.015881420564336217, "repeat": 6, "number": 1}]}, "benchmarks.SmallPack.time_discharge_1cpu": {"result": [1.1490710045000014], "stats": [{"ci_99": [1.1462203789999421, 1.1577280970000174], "q_25": 1.1478477090000183, "q_75": 1.1519498817499993, "min": 1.1462203789999421, "max": 1.1577280970000174, "mean": 1.1501269125000022, "std": 0.003480017889466899, "repeat": 10, "number": 1}]}, "benchmarks.SmallPack.time_discharge_2cpu": {"result": [1.1566235265000273], "stats": [{"ci_99": [1.153401788999986, 1.1602481290000242], "q_25": 1.1550278400000025, "q_75": 1.1585271122500558, "min": 1.153401788999986, "max": 1.1602481290000242, "mean": 1.1567833014000144, "std": 0.002280804570663221, "repeat": 10, "number": 1}]}}, "params": {"machine": "GitHubRunner", "python": "3.8"}, "requirements": {}, "commit_hash": "82ab00ad257ccb2bc8dbcb71bc08baa30fa9ed43", "date": 1639676821000, "env_name": "virtualenv-py3.8", "python": "3.8", "profiles": {}, "started_at": {"benchmarks.BasicBenchmark.time_solve_model": 1641179949531, "benchmarks.LargePack.time_discharge_1cpu": 1641179954345, "benchmarks.LargePack.time_discharge_2cpu": 1641179970707, "benchmarks.LargePack.time_long_cycle_2cpu": 1641179645634, "benchmarks.MediumPack.time_discharge_1cpu": 1641179981238, "benchmarks.MediumPack.time_discharge_2cpu": 1641179995144, "benchmarks.SmallPack.time_discharge_1cpu": 1641180007930, "benchmarks.SmallPack.time_discharge_2cpu": 1641180015361}, "ended_at": {"benchmarks.BasicBenchmark.time_solve_model": 1641179954340, "benchmarks.LargePack.time_discharge_1cpu": 1641179970707, "benchmarks.LargePack.time_discharge_2cpu": 1641179981238, "benchmarks.LargePack.time_long_cycle_2cpu": 1641179906606, "benchmarks.MediumPack.time_discharge_1cpu": 1641179995143, "benchmarks.MediumPack.time_discharge_2cpu": 1641180007929, "benchmarks.SmallPack.time_discharge_1cpu": 1641180015360, "benchmarks.SmallPack.time_discharge_2cpu": 1641180022838}, "benchmark_version": {"benchmarks.BasicBenchmark.time_solve_model": "21dc88971553291c844a81300eeac2ae53f86ef7781bdb26086d1d57d88c8cec", "benchmarks.LargePack.time_discharge_1cpu": "5a2756f3bebd1d0e37e074eb74a0bca10c9ce960ed21316ad26e9583a10353f8", "benchmarks.LargePack.time_discharge_2cpu": "f19047f1071beb2e16eb288e9a2cb14f4b91fca1dd10a3dbe5c68078a908886d", "benchmarks.LargePack.time_long_cycle_2cpu": "886173c7f314c25dcd319de5a644065b170ce4fe889082fb1ebcead737f35d99", "benchmarks.MediumPack.time_discharge_1cpu": "b8aa492ab12a8aba37625a5c0deae1c109def02877ec79681d996a7f77cc595c", "benchmarks.MediumPack.time_discharge_2cpu": "850ba37f55027bfd05992888284a51f0f34d93dcdd99053c957faf34e763a327", "benchmarks.SmallPack.time_discharge_1cpu": "07ba66cea19ff93b549ef21d8e3a0e9282b00d59822764eb1b4ac75f74a0d9c9", "benchmarks.SmallPack.time_discharge_2cpu": "7d2cd2d77443c50c3db4ed879be8a6cc5ece070ec744f5ce5778304a5f2f1f27"}, "version": 1}