{"results": {"benchmarks.BasicBenchmark.time_solve_model": {"result": [0.5944474689999879], "stats": [{"ci_99": [0.5679778830000259, 0.6108912669999427], "q_25": 0.5762128840000145, "q_75": 0.6006968009999412, "min": 0.5679778830000259, "max": 0.6108912669999427, "mean": 0.5903224341999902, "std": 0.014688230256078254, "repeat": 10, "number": 1}]}, "benchmarks.LargePack.time_discharge_1cpu": {"result": [8.199770243500012], "stats": [{"ci_99": [7.251011168500185, 9.14852931849984], "q_25": 8.190282652750014, "q_75": 8.20925783425001, "min": 8.180795062000016, "max": 8.218745425000009, "mean": 8.199770243500012, "std": 0.018975181499996552, "repeat": 2, "number": 1}]}, "benchmarks.LargePack.time_discharge_2cpu": {"result": [5.310174645499984], "stats": [{"ci_99": [3.313238120500813, 7.307111170499153], "q_25": 5.290205280249992, "q_75": 5.330144010749976, "min": 5.270235915000001, "max": 5.3501133759999675, "mean": 5.310174645499984, "std": 0.03993873049998342, "repeat": 2, "number": 1}]}, "benchmarks.LargePack.time_long_cycle_2cpu": null, "benchmarks.MediumPack.time_discharge_1cpu": {"result": [4.79387108100002], "stats": [{"ci_99": [-3.03562426900055, 12.623366431000584], "q_25": 4.7155761275000145, "q_75": 4.872166034500026, "min": 4.637281174000009, "max": 4.950460988000032, "mean": 4.79387108100002, "std": 0.1565899070000114, "repeat": 2, "number": 1}]}, "benchmarks.MediumPack.time_discharge_2cpu": {"result": [3.2613698690000206], "stats": [{"ci_99": [3.204161249112257, 3.3130321773877434], "q_25": 3.2453569577500616, "q_75": 3.274609624499959, "min": 3.2316740170000458, "max": 3.279973097999914, "mean": 3.25859671325, "std": 0.019101411146999064, "repeat": 4, "number": 1}]}, "benchmarks.SmallPack.time_discharge_1cpu": {"result": [1.217723628500039], "stats": [{"ci_99": [1.1826843310000186, 1.243858535999948], "q_25": 1.192201882250032, "q_75": 1.2349146769999777, "min": 1.1826843310000186, "max": 1.243858535999948, "mean": 1.2141876400000116, "std": 0.02183299383814256, "repeat": 10, "number": 1}]}, "benchmarks.SmallPack.time_discharge_2cpu": {"result": [1.2303856429999769], "stats": [{"ci_99": [1.2076535639999975, 1.2847821759999078], "q_25": 1.2176842110000052, "q_75": 1.2523049717500214, "min": 1.2076535639999975, "max": 1.2847821759999078, "mean": 1.2380782690999808, "std": 0.025086918456204973, "repeat": 10, "number": 1}]}}, "params": {"machine": "GitHubRunner", "python": "3.8"}, "requirements": {}, "commit_hash": "82ab00ad257ccb2bc8dbcb71bc08baa30fa9ed43", "date": 1639676821000, "env_name": "virtualenv-py3.8", "python": "3.8", "profiles": {}, "started_at": {"benchmarks.BasicBenchmark.time_solve_model": 1642130464067, "benchmarks.LargePack.time_discharge_1cpu": 1642130469239, "benchmarks.LargePack.time_discharge_2cpu": 1642130486404, "benchmarks.LargePack.time_long_cycle_2cpu": 1642130127022, "benchmarks.MediumPack.time_discharge_1cpu": 1642130497837, "benchmarks.MediumPack.time_discharge_2cpu": 1642130508226, "benchmarks.SmallPack.time_discharge_1cpu": 1642130518707, "benchmarks.SmallPack.time_discharge_2cpu": 1642130526542}, "ended_at": {"benchmarks.BasicBenchmark.time_solve_model": 1642130469232, "benchmarks.LargePack.time_discharge_1cpu": 1642130486403, "benchmarks.LargePack.time_discharge_2cpu": 1642130497837, "benchmarks.LargePack.time_long_cycle_2cpu": 1642130426126, "benchmarks.MediumPack.time_discharge_1cpu": 1642130508225, "benchmarks.MediumPack.time_discharge_2cpu": 1642130518707, "benchmarks.SmallPack.time_discharge_1cpu": 1642130526541, "benchmarks.SmallPack.time_discharge_2cpu": 1642130534576}, "benchmark_version": {"benchmarks.BasicBenchmark.time_solve_model": "21dc88971553291c844a81300eeac2ae53f86ef7781bdb26086d1d57d88c8cec", "benchmarks.LargePack.time_discharge_1cpu": "5a2756f3bebd1d0e37e074eb74a0bca10c9ce960ed21316ad26e9583a10353f8", "benchmarks.LargePack.time_discharge_2cpu": "f19047f1071beb2e16eb288e9a2cb14f4b91fca1dd10a3dbe5c68078a908886d", "benchmarks.LargePack.time_long_cycle_2cpu": "886173c7f314c25dcd319de5a644065b170ce4fe889082fb1ebcead737f35d99", "benchmarks.MediumPack.time_discharge_1cpu": "b8aa492ab12a8aba37625a5c0deae1c109def02877ec79681d996a7f77cc595c", "benchmarks.MediumPack.time_discharge_2cpu": "850ba37f55027bfd05992888284a51f0f34d93dcdd99053c957faf34e763a327", "benchmarks.SmallPack.time_discharge_1cpu": "07ba66cea19ff93b549ef21d8e3a0e9282b00d59822764eb1b4ac75f74a0d9c9", "benchmarks.SmallPack.time_discharge_2cpu": "7d2cd2d77443c50c3db4ed879be8a6cc5ece070ec744f5ce5778304a5f2f1f27"}, "version": 1}