{"results": {"benchmarks.BasicBenchmark.time_solve_model": {"result": [0.752413200999996], "stats": [{"ci_99": [0.7394757300000094, 0.7811584429999812], "q_25": 0.7461073865000145, "q_75": 0.7688101567500496, "min": 0.7394757300000094, "max": 0.7811584429999812, "mean": 0.7568174937000066, "std": 0.01322409724113346, "repeat": 10, "number": 1}]}, "benchmarks.LargePack.time_discharge_1cpu": {"result": [9.625111616499979], "stats": [{"ci_99": [9.150350491501044, 10.099872741498913], "q_25": 9.62036400524999, "q_75": 9.629859227749968, "min": 9.615616394, "max": 9.634606838999957, "mean": 9.625111616499979, "std": 0.009495222499978695, "repeat": 2, "number": 1}]}, "benchmarks.LargePack.time_discharge_2cpu": {"result": [6.141387212499993], "stats": [{"ci_99": [5.345135687500701, 6.937638737499284], "q_25": 6.13342469725, "q_75": 6.149349727749986, "min": 6.125462182000007, "max": 6.1573122429999785, "mean": 6.141387212499993, "std": 0.015925030499985837, "repeat": 2, "number": 1}]}, "benchmarks.LargePack.time_long_cycle_2cpu": null, "benchmarks.MediumPack.time_discharge_1cpu": {"result": [5.486057931000005], "stats": [{"ci_99": [2.9634933810027633, 8.008622480997245], "q_25": 5.460832285500032, "q_75": 5.511283576499977, "min": 5.43560664000006, "max": 5.53650922199995, "mean": 5.486057931000005, "std": 0.05045129099994483, "repeat": 2, "number": 1}]}, "benchmarks.MediumPack.time_discharge_2cpu": {"result": [3.7823191159999965], "stats": [{"ci_99": [3.659600669881409, 3.8894137111185962], "q_25": 3.7474560577500426, "q_75": 3.809370248749957, "min": 3.716042340000058, "max": 3.8173481899999615, "mean": 3.774507190500003, "std": 0.04051377546719376, "repeat": 4, "number": 1}]}, "benchmarks.SmallPack.time_discharge_1cpu": {"result": [1.4475961605000407], "stats": [{"ci_99": [1.414029135000078, 1.482491927999945], "q_25": 1.4225744182499795, "q_75": 1.467788899750019, "min": 1.414029135000078, "max": 1.482491927999945, "mean": 1.4467847461000247, "std": 0.02614001927636754, "repeat": 10, "number": 1}]}, "benchmarks.SmallPack.time_discharge_2cpu": {"result": [1.474394494500018], "stats": [{"ci_99": [1.4363764990000618, 1.5957092690000536], "q_25": 1.4628356887499763, "q_75": 1.5044663609999702, "min": 1.4363764990000618, "max": 1.5957092690000536, "mean": 1.4871802997000032, "std": 0.04434871125356052, "repeat": 10, "number": 1}]}}, "params": {"machine": "GitHubRunner", "python": "3.8"}, "requirements": {}, "commit_hash": "82ab00ad257ccb2bc8dbcb71bc08baa30fa9ed43", "date": 1639676821000, "env_name": "virtualenv-py3.8", "python": "3.8", "profiles": {}, "started_at": {"benchmarks.BasicBenchmark.time_solve_model": 1640143532249, "benchmarks.LargePack.time_discharge_1cpu": 1640143538639, "benchmarks.LargePack.time_discharge_2cpu": 1640143558767, "benchmarks.LargePack.time_long_cycle_2cpu": 1640142886536, "benchmarks.MediumPack.time_discharge_1cpu": 1640143571965, "benchmarks.MediumPack.time_discharge_2cpu": 1640143583616, "benchmarks.SmallPack.time_discharge_1cpu": 1640143595659, "benchmarks.SmallPack.time_discharge_2cpu": 1640143605101}, "ended_at": {"benchmarks.BasicBenchmark.time_solve_model": 1640143538630, "benchmarks.LargePack.time_discharge_1cpu": 1640143558767, "benchmarks.LargePack.time_discharge_2cpu": 1640143571964, "benchmarks.LargePack.time_long_cycle_2cpu": 1640143487598, "benchmarks.MediumPack.time_discharge_1cpu": 1640143583615, "benchmarks.MediumPack.time_discharge_2cpu": 1640143595658, "benchmarks.SmallPack.time_discharge_1cpu": 1640143605101, "benchmarks.SmallPack.time_discharge_2cpu": 1640143614704}, "benchmark_version": {"benchmarks.BasicBenchmark.time_solve_model": "21dc88971553291c844a81300eeac2ae53f86ef7781bdb26086d1d57d88c8cec", "benchmarks.LargePack.time_discharge_1cpu": "5a2756f3bebd1d0e37e074eb74a0bca10c9ce960ed21316ad26e9583a10353f8", "benchmarks.LargePack.time_discharge_2cpu": "f19047f1071beb2e16eb288e9a2cb14f4b91fca1dd10a3dbe5c68078a908886d", "benchmarks.LargePack.time_long_cycle_2cpu": "886173c7f314c25dcd319de5a644065b170ce4fe889082fb1ebcead737f35d99", "benchmarks.MediumPack.time_discharge_1cpu": "b8aa492ab12a8aba37625a5c0deae1c109def02877ec79681d996a7f77cc595c", "benchmarks.MediumPack.time_discharge_2cpu": "850ba37f55027bfd05992888284a51f0f34d93dcdd99053c957faf34e763a327", "benchmarks.SmallPack.time_discharge_1cpu": "07ba66cea19ff93b549ef21d8e3a0e9282b00d59822764eb1b4ac75f74a0d9c9", "benchmarks.SmallPack.time_discharge_2cpu": "7d2cd2d77443c50c3db4ed879be8a6cc5ece070ec744f5ce5778304a5f2f1f27"}, "version": 1}