{"results": {"benchmarks.BasicBenchmark.time_solve_model": {"result": [0.5711025869999702], "stats": [{"ci_99": [0.5646290809999925, 0.5758526570000413], "q_25": 0.5659125364999937, "q_75": 0.5742232865000005, "min": 0.5646290809999925, "max": 0.5758526570000413, "mean": 0.5704301673999908, "std": 0.00428665848438895, "repeat": 10, "number": 1}]}, "benchmarks.LargePack.time_discharge_1cpu": {"result": [7.236551673999983], "stats": [{"ci_99": [4.664722223999732, 9.808381124000233], "q_25": 7.210833379499981, "q_75": 7.262269968499986, "min": 7.185115084999978, "max": 7.287988262999988, "mean": 7.236551673999983, "std": 0.05143658900000503, "repeat": 2, "number": 1}]}, "benchmarks.LargePack.time_discharge_2cpu": {"result": [4.5881292150000235], "stats": [{"ci_99": [4.563853170448804, 4.6080746195511795], "q_25": 4.582491575750012, "q_75": 4.591601534250003, "min": 4.5727878259999954, "max": 4.594809323999925, "mean": 4.585963894999992, "std": 0.00825798077875169, "repeat": 4, "number": 1}]}, "benchmarks.LargePack.time_long_cycle_2cpu": null, "benchmarks.MediumPack.time_discharge_1cpu": {"result": [4.140881546000003], "stats": [{"ci_99": [4.03274487671515, 4.236391593784823], "q_25": 4.109315953250018, "q_75": 4.166133827999971, "min": 4.084451137999963, "max": 4.172058710999977, "mean": 4.134568235249986, "std": 0.03563931235255677, "repeat": 4, "number": 1}]}, "benchmarks.MediumPack.time_discharge_2cpu": {"result": [2.792134959500004], "stats": [{"ci_99": [2.7616154021924495, 2.8292951674741884], "q_25": 2.7781277324999962, "q_75": 2.8120701415000156, "min": 2.7709298679999392, "max": 2.8253580629999533, "mean": 2.7954552848333187, "std": 0.020248457874494395, "repeat": 6, "number": 1}]}, "benchmarks.SmallPack.time_discharge_1cpu": {"result": [1.1141308469999558], "stats": [{"ci_99": [1.1033858409999766, 1.1222218369999837], "q_25": 1.1076692409999964, "q_75": 1.119481739500003, "min": 1.1033858409999766, "max": 1.1222218369999837, "mean": 1.1134659412999781, "std": 0.006375824855550967, "repeat": 10, "number": 1}]}, "benchmarks.SmallPack.time_discharge_2cpu": {"result": [1.127076382499979], "stats": [{"ci_99": [1.1193916369999215, 1.1351486260000456], "q_25": 1.121833253500057, "q_75": 1.1319574272500006, "min": 1.1193916369999215, "max": 1.1351486260000456, "mean": 1.1269988581000008, "std": 0.005716068596948284, "repeat": 10, "number": 1}]}}, "params": {"machine": "GitHubRunner", "python": "3.8"}, "requirements": {}, "commit_hash": "82ab00ad257ccb2bc8dbcb71bc08baa30fa9ed43", "date": 1639676821000, "env_name": "virtualenv-py3.8", "python": "3.8", "profiles": {}, "started_at": {"benchmarks.BasicBenchmark.time_solve_model": 1640575450759, "benchmarks.LargePack.time_discharge_1cpu": 1640575455591, "benchmarks.LargePack.time_discharge_2cpu": 1640575470893, "benchmarks.LargePack.time_long_cycle_2cpu": 1640574808761, "benchmarks.MediumPack.time_discharge_1cpu": 1640575485639, "benchmarks.MediumPack.time_discharge_2cpu": 1640575498583, "benchmarks.SmallPack.time_discharge_1cpu": 1640575510365, "benchmarks.SmallPack.time_discharge_2cpu": 1640575517543}, "ended_at": {"benchmarks.BasicBenchmark.time_solve_model": 1640575455585, "benchmarks.LargePack.time_discharge_1cpu": 1640575470893, "benchmarks.LargePack.time_discharge_2cpu": 1640575485638, "benchmarks.LargePack.time_long_cycle_2cpu": 1640575409607, "benchmarks.MediumPack.time_discharge_1cpu": 1640575498583, "benchmarks.MediumPack.time_discharge_2cpu": 1640575510365, "benchmarks.SmallPack.time_discharge_1cpu": 1640575517543, "benchmarks.SmallPack.time_discharge_2cpu": 1640575524870}, "benchmark_version": {"benchmarks.BasicBenchmark.time_solve_model": "21dc88971553291c844a81300eeac2ae53f86ef7781bdb26086d1d57d88c8cec", "benchmarks.LargePack.time_discharge_1cpu": "5a2756f3bebd1d0e37e074eb74a0bca10c9ce960ed21316ad26e9583a10353f8", "benchmarks.LargePack.time_discharge_2cpu": "f19047f1071beb2e16eb288e9a2cb14f4b91fca1dd10a3dbe5c68078a908886d", "benchmarks.LargePack.time_long_cycle_2cpu": "886173c7f314c25dcd319de5a644065b170ce4fe889082fb1ebcead737f35d99", "benchmarks.MediumPack.time_discharge_1cpu": "b8aa492ab12a8aba37625a5c0deae1c109def02877ec79681d996a7f77cc595c", "benchmarks.MediumPack.time_discharge_2cpu": "850ba37f55027bfd05992888284a51f0f34d93dcdd99053c957faf34e763a327", "benchmarks.SmallPack.time_discharge_1cpu": "07ba66cea19ff93b549ef21d8e3a0e9282b00d59822764eb1b4ac75f74a0d9c9", "benchmarks.SmallPack.time_discharge_2cpu": "7d2cd2d77443c50c3db4ed879be8a6cc5ece070ec744f5ce5778304a5f2f1f27"}, "version": 1}