{"results": {"benchmarks.BasicBenchmark.time_solve_model": {"result": [0.6245121895000239], "stats": [{"ci_99": [0.6070177860000001, 0.638784362000024], "q_25": 0.6165217714999969, "q_75": 0.634361546500017, "min": 0.6070177860000001, "max": 0.638784362000024, "mean": 0.6245763326000059, "std": 0.01077060845882821, "repeat": 10, "number": 1}]}, "benchmarks.LargePack.time_discharge_1cpu": {"result": [8.816809439000025], "stats": [{"ci_99": [8.726440638999208, 8.907178239000842], "q_25": 8.815905751000017, "q_75": 8.817713127000033, "min": 8.815002063000009, "max": 8.818616815000041, "mean": 8.816809439000025, "std": 0.0018073760000163475, "repeat": 2, "number": 1}]}, "benchmarks.LargePack.time_discharge_2cpu": {"result": [5.683599146500001], "stats": [{"ci_99": [4.346076121499436, 7.021122171500564], "q_25": 5.670223916249995, "q_75": 5.696974376750006, "min": 5.656848685999989, "max": 5.710349607000012, "mean": 5.683599146500001, "std": 0.026750460500011286, "repeat": 2, "number": 1}]}, "benchmarks.LargePack.time_long_cycle_2cpu": null, "benchmarks.MediumPack.time_discharge_1cpu": {"result": [4.997839470499997], "stats": [{"ci_99": [0.9161620955004821, 9.079516845499509], "q_25": 4.957022696750002, "q_75": 5.038656244249992, "min": 4.916205923000007, "max": 5.079473017999987, "mean": 4.997839470499997, "std": 0.0816335474999903, "repeat": 2, "number": 1}]}, "benchmarks.MediumPack.time_discharge_2cpu": {"result": [3.405327933500047], "stats": [{"ci_99": [3.3466612545881906, 3.4656684044118657], "q_25": 3.396125818250084, "q_75": 3.415366944749991, "min": 3.3757009250000465, "max": 3.4383025259999727, "mean": 3.406164829500028, "std": 0.02221341108419783, "repeat": 4, "number": 1}]}, "benchmarks.SmallPack.time_discharge_1cpu": {"result": [1.2790897784999515], "stats": [{"ci_99": [1.2596258389999662, 1.2962563109999792], "q_25": 1.2701984112499787, "q_75": 1.2907900825000524, "min": 1.2596258389999662, "max": 1.2962563109999792, "mean": 1.2789526872999886, "std": 0.012930728008791397, "repeat": 10, "number": 1}]}, "benchmarks.SmallPack.time_discharge_2cpu": {"result": [1.2831915400000184], "stats": [{"ci_99": [1.2676756140000407, 1.3039031750000731], "q_25": 1.2743562309999987, "q_75": 1.2905059244999677, "min": 1.2676756140000407, "max": 1.3039031750000731, "mean": 1.2840654750000169, "std": 0.01221983370696438, "repeat": 10, "number": 1}]}}, "params": {"machine": "GitHubRunner", "python": "3.8"}, "requirements": {}, "commit_hash": "82ab00ad257ccb2bc8dbcb71bc08baa30fa9ed43", "date": 1639676821000, "env_name": "virtualenv-py3.8", "python": "3.8", "profiles": {}, "started_at": {"benchmarks.BasicBenchmark.time_solve_model": 1642562277674, "benchmarks.LargePack.time_discharge_1cpu": 1642562283015, "benchmarks.LargePack.time_discharge_2cpu": 1642562301380, "benchmarks.LargePack.time_long_cycle_2cpu": 1642561959336, "benchmarks.MediumPack.time_discharge_1cpu": 1642562313418, "benchmarks.MediumPack.time_discharge_2cpu": 1642562323808, "benchmarks.SmallPack.time_discharge_1cpu": 1642562334593, "benchmarks.SmallPack.time_discharge_2cpu": 1642562342828}, "ended_at": {"benchmarks.BasicBenchmark.time_solve_model": 1642562283011, "benchmarks.LargePack.time_discharge_1cpu": 1642562301380, "benchmarks.LargePack.time_discharge_2cpu": 1642562313417, "benchmarks.LargePack.time_long_cycle_2cpu": 1642562238257, "benchmarks.MediumPack.time_discharge_1cpu": 1642562323808, "benchmarks.MediumPack.time_discharge_2cpu": 1642562334592, "benchmarks.SmallPack.time_discharge_1cpu": 1642562342828, "benchmarks.SmallPack.time_discharge_2cpu": 1642562351111}, "benchmark_version": {"benchmarks.BasicBenchmark.time_solve_model": "21dc88971553291c844a81300eeac2ae53f86ef7781bdb26086d1d57d88c8cec", "benchmarks.LargePack.time_discharge_1cpu": "5a2756f3bebd1d0e37e074eb74a0bca10c9ce960ed21316ad26e9583a10353f8", "benchmarks.LargePack.time_discharge_2cpu": "f19047f1071beb2e16eb288e9a2cb14f4b91fca1dd10a3dbe5c68078a908886d", "benchmarks.LargePack.time_long_cycle_2cpu": "886173c7f314c25dcd319de5a644065b170ce4fe889082fb1ebcead737f35d99", "benchmarks.MediumPack.time_discharge_1cpu": "b8aa492ab12a8aba37625a5c0deae1c109def02877ec79681d996a7f77cc595c", "benchmarks.MediumPack.time_discharge_2cpu": "850ba37f55027bfd05992888284a51f0f34d93dcdd99053c957faf34e763a327", "benchmarks.SmallPack.time_discharge_1cpu": "07ba66cea19ff93b549ef21d8e3a0e9282b00d59822764eb1b4ac75f74a0d9c9", "benchmarks.SmallPack.time_discharge_2cpu": "7d2cd2d77443c50c3db4ed879be8a6cc5ece070ec744f5ce5778304a5f2f1f27"}, "version": 1}