{"results": {"benchmarks.BasicBenchmark.time_solve_model": {"result": [0.6300996749999968], "stats": [{"ci_99": [0.6257885179999789, 0.6358283480000182], "q_25": 0.627299152500008, "q_75": 0.6335702042500202, "min": 0.6257885179999789, "max": 0.6358283480000182, "mean": 0.6304881261000019, "std": 0.0036403468145863854, "repeat": 10, "number": 1}]}, "benchmarks.LargePack.time_discharge_1cpu": {"result": [7.878196446000004], "stats": [{"ci_99": [5.825562145999982, 9.930830746000025], "q_25": 7.857670103000004, "q_75": 7.898722789000004, "min": 7.837143760000004, "max": 7.9192491320000045, "mean": 7.878196446000004, "std": 0.04105268600000045, "repeat": 2, "number": 1}]}, "benchmarks.LargePack.time_discharge_2cpu": {"result": [5.068626394500015], "stats": [{"ci_99": [0.5335915694996203, 9.603661219500406], "q_25": 5.023276046250011, "q_75": 5.113976742750019, "min": 4.977925698000007, "max": 5.159327091000023, "mean": 5.068626394500015, "std": 0.0907006965000079, "repeat": 2, "number": 1}]}, "benchmarks.LargePack.time_long_cycle_2cpu": null, "benchmarks.MediumPack.time_discharge_1cpu": {"result": [4.530640584999901], "stats": [{"ci_99": [4.502241190529637, 4.566901056803638], "q_25": 4.530307349499935, "q_75": 4.536869628499971, "min": 4.52997411399997, "max": 4.543098672000042, "mean": 4.5345711236666375, "std": 0.00603602277068538, "repeat": 3, "number": 1}]}, "benchmarks.MediumPack.time_discharge_2cpu": {"result": [3.080240576499989], "stats": [{"ci_99": [3.059524954842307, 3.1002679501576345], "q_25": 3.0711521512499758, "q_75": 3.088189120250007, "min": 3.062375994999911, "max": 3.0975602559999516, "mean": 3.079896452499971, "std": 0.012083686873378916, "repeat": 6, "number": 1}]}, "benchmarks.SmallPack.time_discharge_1cpu": {"result": [1.2333633269999495], "stats": [{"ci_99": [1.2307217239999773, 1.2415955909999639], "q_25": 1.2319443497499662, "q_75": 1.2338662614999976, "min": 1.2307217239999773, "max": 1.2415955909999639, "mean": 1.2337602771999854, "std": 0.003004941146766616, "repeat": 10, "number": 1}]}, "benchmarks.SmallPack.time_discharge_2cpu": {"result": [1.248967069999992], "stats": [{"ci_99": [1.2359781290000456, 1.2635797399999547], "q_25": 1.2403482127500354, "q_75": 1.2554795862500328, "min": 1.2359781290000456, "max": 1.2635797399999547, "mean": 1.2486866264000127, "std": 0.00941208636854437, "repeat": 10, "number": 1}]}}, "params": {"machine": "GitHubRunner", "python": "3.8"}, "requirements": {}, "commit_hash": "82ab00ad257ccb2bc8dbcb71bc08baa30fa9ed43", "date": 1639676821000, "env_name": "virtualenv-py3.8", "python": "3.8", "profiles": {}, "started_at": {"benchmarks.BasicBenchmark.time_solve_model": 1640661844667, "benchmarks.LargePack.time_discharge_1cpu": 1640661849954, "benchmarks.LargePack.time_discharge_2cpu": 1640661866564, "benchmarks.LargePack.time_long_cycle_2cpu": 1640661203317, "benchmarks.MediumPack.time_discharge_1cpu": 1640661877548, "benchmarks.MediumPack.time_discharge_2cpu": 1640661891806, "benchmarks.SmallPack.time_discharge_1cpu": 1640661904843, "benchmarks.SmallPack.time_discharge_2cpu": 1640661912826}, "ended_at": {"benchmarks.BasicBenchmark.time_solve_model": 1640661849950, "benchmarks.LargePack.time_discharge_1cpu": 1640661866564, "benchmarks.LargePack.time_discharge_2cpu": 1640661877548, "benchmarks.LargePack.time_long_cycle_2cpu": 1640661804229, "benchmarks.MediumPack.time_discharge_1cpu": 1640661891806, "benchmarks.MediumPack.time_discharge_2cpu": 1640661904842, "benchmarks.SmallPack.time_discharge_1cpu": 1640661912825, "benchmarks.SmallPack.time_discharge_2cpu": 1640661920862}, "benchmark_version": {"benchmarks.BasicBenchmark.time_solve_model": "21dc88971553291c844a81300eeac2ae53f86ef7781bdb26086d1d57d88c8cec", "benchmarks.LargePack.time_discharge_1cpu": "5a2756f3bebd1d0e37e074eb74a0bca10c9ce960ed21316ad26e9583a10353f8", "benchmarks.LargePack.time_discharge_2cpu": "f19047f1071beb2e16eb288e9a2cb14f4b91fca1dd10a3dbe5c68078a908886d", "benchmarks.LargePack.time_long_cycle_2cpu": "886173c7f314c25dcd319de5a644065b170ce4fe889082fb1ebcead737f35d99", "benchmarks.MediumPack.time_discharge_1cpu": "b8aa492ab12a8aba37625a5c0deae1c109def02877ec79681d996a7f77cc595c", "benchmarks.MediumPack.time_discharge_2cpu": "850ba37f55027bfd05992888284a51f0f34d93dcdd99053c957faf34e763a327", "benchmarks.SmallPack.time_discharge_1cpu": "07ba66cea19ff93b549ef21d8e3a0e9282b00d59822764eb1b4ac75f74a0d9c9", "benchmarks.SmallPack.time_discharge_2cpu": "7d2cd2d77443c50c3db4ed879be8a6cc5ece070ec744f5ce5778304a5f2f1f27"}, "version": 1}