{"results": {"benchmarks.BasicBenchmark.time_solve_model": {"result": [0.6249887445000297], "stats": [{"ci_99": [0.6205493790000105, 0.6294504829999141], "q_25": 0.622096814750023, "q_75": 0.6275058909999984, "min": 0.6205493790000105, "max": 0.6294504829999141, "mean": 0.6248555759999987, "std": 0.003043824163708691, "repeat": 10, "number": 1}]}, "benchmarks.LargePack.time_discharge_1cpu": {"result": [7.829620663999947], "stats": [{"ci_99": [6.699211564002837, 8.960029763997056], "q_25": 7.818316572999976, "q_75": 7.840924754999918, "min": 7.807012482000005, "max": 7.852228845999889, "mean": 7.829620663999947, "std": 0.02260818199994219, "repeat": 2, "number": 1}]}, "benchmarks.LargePack.time_discharge_2cpu": {"result": [5.007449017500051], "stats": [{"ci_99": [4.063095492502896, 5.951802542497204], "q_25": 4.998005482250079, "q_75": 5.016892552750022, "min": 4.9885619470001075, "max": 5.026336087999994, "mean": 5.007449017500051, "std": 0.018887070499943093, "repeat": 2, "number": 1}]}, "benchmarks.LargePack.time_long_cycle_2cpu": null, "benchmarks.MediumPack.time_discharge_1cpu": {"result": [4.498508822000076], "stats": [{"ci_99": [4.4524788962417805, 4.55137939175828], "q_25": 4.488724577500051, "q_75": 4.5117133885000555, "min": 4.481672419000006, "max": 4.5290265129999625, "mean": 4.50192914400003, "std": 0.017878157815218263, "repeat": 4, "number": 1}]}, "benchmarks.MediumPack.time_discharge_2cpu": {"result": [3.0741940935000116], "stats": [{"ci_99": [3.0120811841039874, 3.1697554739999987], "q_25": 3.0548251380000124, "q_75": 3.111098552249956, "min": 3.0286637809999775, "max": 3.1697554739999987, "mean": 3.086429383333325, "std": 0.04706648444135905, "repeat": 6, "number": 1}]}, "benchmarks.SmallPack.time_discharge_1cpu": {"result": [1.2122685839999576], "stats": [{"ci_99": [1.2101658029999953, 1.2207407519999833], "q_25": 1.2109349337500248, "q_75": 1.213383150499908, "min": 1.2101658029999953, "max": 1.2207407519999833, "mean": 1.2129108581999843, "std": 0.0029520087366493226, "repeat": 10, "number": 1}]}, "benchmarks.SmallPack.time_discharge_2cpu": {"result": [1.2239410199999838], "stats": [{"ci_99": [1.2196615900001007, 1.2292111750000458], "q_25": 1.2230302112498634, "q_75": 1.2263407972500033, "min": 1.2196615900001007, "max": 1.2292111750000458, "mean": 1.2245387718999723, "std": 0.0027499886493150623, "repeat": 10, "number": 1}]}}, "params": {"machine": "GitHubRunner", "python": "3.8"}, "requirements": {}, "commit_hash": "82ab00ad257ccb2bc8dbcb71bc08baa30fa9ed43", "date": 1639676821000, "env_name": "virtualenv-py3.8", "python": "3.8", "profiles": {}, "started_at": {"benchmarks.BasicBenchmark.time_solve_model": 1640748223577, "benchmarks.LargePack.time_discharge_1cpu": 1640748228759, "benchmarks.LargePack.time_discharge_2cpu": 1640748245270, "benchmarks.LargePack.time_long_cycle_2cpu": 1640747578628, "benchmarks.MediumPack.time_discharge_1cpu": 1640748256002, "benchmarks.MediumPack.time_discharge_2cpu": 1640748270202, "benchmarks.SmallPack.time_discharge_1cpu": 1640748283239, "benchmarks.SmallPack.time_discharge_2cpu": 1640748291118}, "ended_at": {"benchmarks.BasicBenchmark.time_solve_model": 1640748228755, "benchmarks.LargePack.time_discharge_1cpu": 1640748245269, "benchmarks.LargePack.time_discharge_2cpu": 1640748256001, "benchmarks.LargePack.time_long_cycle_2cpu": 1640748179471, "benchmarks.MediumPack.time_discharge_1cpu": 1640748270202, "benchmarks.MediumPack.time_discharge_2cpu": 1640748283239, "benchmarks.SmallPack.time_discharge_1cpu": 1640748291118, "benchmarks.SmallPack.time_discharge_2cpu": 1640748299047}, "benchmark_version": {"benchmarks.BasicBenchmark.time_solve_model": "21dc88971553291c844a81300eeac2ae53f86ef7781bdb26086d1d57d88c8cec", "benchmarks.LargePack.time_discharge_1cpu": "5a2756f3bebd1d0e37e074eb74a0bca10c9ce960ed21316ad26e9583a10353f8", "benchmarks.LargePack.time_discharge_2cpu": "f19047f1071beb2e16eb288e9a2cb14f4b91fca1dd10a3dbe5c68078a908886d", "benchmarks.LargePack.time_long_cycle_2cpu": "886173c7f314c25dcd319de5a644065b170ce4fe889082fb1ebcead737f35d99", "benchmarks.MediumPack.time_discharge_1cpu": "b8aa492ab12a8aba37625a5c0deae1c109def02877ec79681d996a7f77cc595c", "benchmarks.MediumPack.time_discharge_2cpu": "850ba37f55027bfd05992888284a51f0f34d93dcdd99053c957faf34e763a327", "benchmarks.SmallPack.time_discharge_1cpu": "07ba66cea19ff93b549ef21d8e3a0e9282b00d59822764eb1b4ac75f74a0d9c9", "benchmarks.SmallPack.time_discharge_2cpu": "7d2cd2d77443c50c3db4ed879be8a6cc5ece070ec744f5ce5778304a5f2f1f27"}, "version": 1}