{"results": {"benchmarks.BasicBenchmark.time_solve_model": {"result": [0.7189431454999777], "stats": [{"ci_99": [0.6996510120000039, 0.7254388990000962], "q_25": 0.7032500535000068, "q_75": 0.7239866454999913, "min": 0.6996510120000039, "max": 0.7254388990000962, "mean": 0.7143679784000085, "std": 0.010349505049730036, "repeat": 10, "number": 1}]}, "benchmarks.LargePack.time_discharge_1cpu": {"result": [9.00589541899997], "stats": [{"ci_99": [5.982973919001537, 12.028816918998398], "q_25": 8.975666203999985, "q_75": 9.036124633999954, "min": 8.945436989000001, "max": 9.066353848999938, "mean": 9.00589541899997, "std": 0.060458429999968644, "repeat": 2, "number": 1}]}, "benchmarks.LargePack.time_discharge_2cpu": {"result": [5.882419055000014], "stats": [{"ci_99": [4.7317418049987054, 7.0330963050013215], "q_25": 5.870912282500001, "q_75": 5.893925827500027, "min": 5.859405509999988, "max": 5.90543260000004, "mean": 5.882419055000014, "std": 0.02301354500002617, "repeat": 2, "number": 1}]}, "benchmarks.LargePack.time_long_cycle_2cpu": null, "benchmarks.MediumPack.time_discharge_1cpu": {"result": [5.261426741500031], "stats": [{"ci_99": [-2.5851217834978115, 13.107975266497867], "q_25": 5.182961256250053, "q_75": 5.33989222675001, "min": 5.1044957710000745, "max": 5.418357711999988, "mean": 5.261426741500031, "std": 0.15693097049995686, "repeat": 2, "number": 1}]}, "benchmarks.MediumPack.time_discharge_2cpu": {"result": [3.570134750500017], "stats": [{"ci_99": [3.508991647917747, 3.6203744900822477], "q_25": 3.5548199259999933, "q_75": 3.579997893500021, "min": 3.532415748999938, "max": 3.586047026000017, "mean": 3.5646830689999973, "std": 0.020495022070397915, "repeat": 4, "number": 1}]}, "benchmarks.SmallPack.time_discharge_1cpu": {"result": [1.4139822564999918], "stats": [{"ci_99": [1.3737045760000797, 1.4806232040000396], "q_25": 1.3880838367499848, "q_75": 1.4466102604999946, "min": 1.3737045760000797, "max": 1.4806232040000396, "mean": 1.4181426517000033, "std": 0.035629047547682806, "repeat": 10, "number": 1}]}, "benchmarks.SmallPack.time_discharge_2cpu": {"result": [1.4052524895000147], "stats": [{"ci_99": [1.3979760830000032, 1.4869230890000154], "q_25": 1.4031735587500407, "q_75": 1.4573892017499475, "min": 1.3979760830000032, "max": 1.4869230890000154, "mean": 1.4290819608999983, "std": 0.033243285167267246, "repeat": 10, "number": 1}]}}, "params": {"machine": "GitHubRunner", "python": "3.8"}, "requirements": {}, "commit_hash": "82ab00ad257ccb2bc8dbcb71bc08baa30fa9ed43", "date": 1639676821000, "env_name": "virtualenv-py3.8", "python": "3.8", "profiles": {}, "started_at": {"benchmarks.BasicBenchmark.time_solve_model": 1640834323724, "benchmarks.LargePack.time_discharge_1cpu": 1640834329679, "benchmarks.LargePack.time_discharge_2cpu": 1640834348656, "benchmarks.LargePack.time_long_cycle_2cpu": 1640833989770, "benchmarks.MediumPack.time_discharge_1cpu": 1640834361255, "benchmarks.MediumPack.time_discharge_2cpu": 1640834371997, "benchmarks.SmallPack.time_discharge_1cpu": 1640834383235, "benchmarks.SmallPack.time_discharge_2cpu": 1640834392426}, "ended_at": {"benchmarks.BasicBenchmark.time_solve_model": 1640834329674, "benchmarks.LargePack.time_discharge_1cpu": 1640834348655, "benchmarks.LargePack.time_discharge_2cpu": 1640834361254, "benchmarks.LargePack.time_long_cycle_2cpu": 1640834281252, "benchmarks.MediumPack.time_discharge_1cpu": 1640834371997, "benchmarks.MediumPack.time_discharge_2cpu": 1640834383234, "benchmarks.SmallPack.time_discharge_1cpu": 1640834392425, "benchmarks.SmallPack.time_discharge_2cpu": 1640834401709}, "benchmark_version": {"benchmarks.BasicBenchmark.time_solve_model": "21dc88971553291c844a81300eeac2ae53f86ef7781bdb26086d1d57d88c8cec", "benchmarks.LargePack.time_discharge_1cpu": "5a2756f3bebd1d0e37e074eb74a0bca10c9ce960ed21316ad26e9583a10353f8", "benchmarks.LargePack.time_discharge_2cpu": "f19047f1071beb2e16eb288e9a2cb14f4b91fca1dd10a3dbe5c68078a908886d", "benchmarks.LargePack.time_long_cycle_2cpu": "886173c7f314c25dcd319de5a644065b170ce4fe889082fb1ebcead737f35d99", "benchmarks.MediumPack.time_discharge_1cpu": "b8aa492ab12a8aba37625a5c0deae1c109def02877ec79681d996a7f77cc595c", "benchmarks.MediumPack.time_discharge_2cpu": "850ba37f55027bfd05992888284a51f0f34d93dcdd99053c957faf34e763a327", "benchmarks.SmallPack.time_discharge_1cpu": "07ba66cea19ff93b549ef21d8e3a0e9282b00d59822764eb1b4ac75f74a0d9c9", "benchmarks.SmallPack.time_discharge_2cpu": "7d2cd2d77443c50c3db4ed879be8a6cc5ece070ec744f5ce5778304a5f2f1f27"}, "version": 1}