{"results": {"benchmarks.BasicBenchmark.time_solve_model": {"result": [0.5401772370000231], "stats": [{"ci_99": [0.5326148959999841, 0.5548079149999694], "q_25": 0.5366524447500041, "q_75": 0.5475501905000044, "min": 0.5326148959999841, "max": 0.5548079149999694, "mean": 0.5423224037999944, "std": 0.0070831062845935966, "repeat": 10, "number": 1}]}, "benchmarks.LargePack.time_discharge_1cpu": {"result": [7.645768540000006], "stats": [{"ci_99": [5.78331373999805, 9.50822334000196], "q_25": 7.627143991999986, "q_75": 7.6643930880000255, "min": 7.608519443999967, "max": 7.683017636000045, "mean": 7.645768540000006, "std": 0.03724909600003912, "repeat": 2, "number": 1}]}, "benchmarks.LargePack.time_discharge_2cpu": {"result": [4.922172874500006], "stats": [{"ci_99": [2.0441256995003414, 7.800220049499669], "q_25": 4.89339240275001, "q_75": 4.950953346250003, "min": 4.864611931000013, "max": 4.979733818, "mean": 4.922172874500006, "std": 0.0575609434999933, "repeat": 2, "number": 1}]}, "benchmarks.LargePack.time_long_cycle_2cpu": null, "benchmarks.MediumPack.time_discharge_1cpu": {"result": [4.517860619500027], "stats": [{"ci_99": [4.429013187868367, 4.59673418813166], "q_25": 4.496835615750001, "q_75": 4.533898691750039, "min": 4.466846360999966, "max": 4.548927152000033, "mean": 4.512873688000013, "std": 0.03046048860821131, "repeat": 4, "number": 1}]}, "benchmarks.MediumPack.time_discharge_2cpu": {"result": [2.948660010000026], "stats": [{"ci_99": [2.3387593496362755, 4.471088731000009], "q_25": 2.9313128049999477, "q_75": 3.0389430349999884, "min": 2.8978091100000256, "max": 4.471088731000009, "mean": 3.2575627381999994, "std": 0.6085593639463581, "repeat": 5, "number": 1}]}, "benchmarks.SmallPack.time_discharge_1cpu": {"result": [1.1690215720000197], "stats": [{"ci_99": [0.5380785341591764, 3.4253101709999783], "q_25": 1.1646046695000223, "q_75": 2.2957840949999877, "min": 1.1612105780000093, "max": 3.4253101709999783, "mean": 1.8109028357142896, "std": 1.016718170878674, "repeat": 7, "number": 1}]}, "benchmarks.SmallPack.time_discharge_2cpu": {"result": [1.1608557034999762], "stats": [{"ci_99": [1.104614930999901, 2.999959175000072], "q_25": 1.1388135460000228, "q_75": 1.169884603999975, "min": 1.104614930999901, "max": 2.999959175000072, "mean": 1.3359651786999849, "std": 0.555147679055525, "repeat": 10, "number": 1}]}}, "params": {"machine": "GitHubRunner", "python": "3.8"}, "requirements": {}, "commit_hash": "82ab00ad257ccb2bc8dbcb71bc08baa30fa9ed43", "date": 1639676821000, "env_name": "virtualenv-py3.8", "python": "3.8", "profiles": {}, "started_at": {"benchmarks.BasicBenchmark.time_solve_model": 1641439273194, "benchmarks.LargePack.time_discharge_1cpu": 1641439277870, "benchmarks.LargePack.time_discharge_2cpu": 1641439293934, "benchmarks.LargePack.time_long_cycle_2cpu": 1641438977804, "benchmarks.MediumPack.time_discharge_1cpu": 1641439305017, "benchmarks.MediumPack.time_discharge_2cpu": 1641439319374, "benchmarks.SmallPack.time_discharge_1cpu": 1641439332012, "benchmarks.SmallPack.time_discharge_2cpu": 1641439339590}, "ended_at": {"benchmarks.BasicBenchmark.time_solve_model": 1641439277866, "benchmarks.LargePack.time_discharge_1cpu": 1641439293933, "benchmarks.LargePack.time_discharge_2cpu": 1641439305017, "benchmarks.LargePack.time_long_cycle_2cpu": 1641439224021, "benchmarks.MediumPack.time_discharge_1cpu": 1641439319374, "benchmarks.MediumPack.time_discharge_2cpu": 1641439332011, "benchmarks.SmallPack.time_discharge_1cpu": 1641439339590, "benchmarks.SmallPack.time_discharge_2cpu": 1641439347016}, "benchmark_version": {"benchmarks.BasicBenchmark.time_solve_model": "21dc88971553291c844a81300eeac2ae53f86ef7781bdb26086d1d57d88c8cec", "benchmarks.LargePack.time_discharge_1cpu": "5a2756f3bebd1d0e37e074eb74a0bca10c9ce960ed21316ad26e9583a10353f8", "benchmarks.LargePack.time_discharge_2cpu": "f19047f1071beb2e16eb288e9a2cb14f4b91fca1dd10a3dbe5c68078a908886d", "benchmarks.LargePack.time_long_cycle_2cpu": "886173c7f314c25dcd319de5a644065b170ce4fe889082fb1ebcead737f35d99", "benchmarks.MediumPack.time_discharge_1cpu": "b8aa492ab12a8aba37625a5c0deae1c109def02877ec79681d996a7f77cc595c", "benchmarks.MediumPack.time_discharge_2cpu": "850ba37f55027bfd05992888284a51f0f34d93dcdd99053c957faf34e763a327", "benchmarks.SmallPack.time_discharge_1cpu": "07ba66cea19ff93b549ef21d8e3a0e9282b00d59822764eb1b4ac75f74a0d9c9", "benchmarks.SmallPack.time_discharge_2cpu": "7d2cd2d77443c50c3db4ed879be8a6cc5ece070ec744f5ce5778304a5f2f1f27"}, "version": 1}