{"results": {"benchmarks.BasicBenchmark.time_solve_model": {"result": [0.5187085845000041], "stats": [{"ci_99": [0.48489269300000615, 0.5551913989999662], "q_25": 0.4858756659999912, "q_75": 0.5508790399999981, "min": 0.48489269300000615, "max": 0.5551913989999662, "mean": 0.5188074521999979, "std": 0.03280047273585943, "repeat": 10, "number": 1}]}, "benchmarks.LargePack.time_discharge_1cpu": {"result": [7.267466225500016], "stats": [{"ci_99": [-10.761182899500113, 25.29611535050013], "q_25": 7.0871797342500145, "q_75": 7.447752716750017, "min": 6.906893243000013, "max": 7.628039208000018, "mean": 7.267466225500016, "std": 0.3605729825000026, "repeat": 2, "number": 1}]}, "benchmarks.LargePack.time_discharge_2cpu": {"result": [4.459839209000009], "stats": [{"ci_99": [4.354299037681638, 4.5355613713183836], "q_25": 4.434991042500016, "q_75": 4.469778371000004, "min": 4.384955487000013, "max": 4.475086913000013, "mean": 4.444930204500011, "std": 0.035652618887004835, "repeat": 4, "number": 1}]}, "benchmarks.LargePack.time_long_cycle_2cpu": null, "benchmarks.MediumPack.time_discharge_1cpu": {"result": [3.8951904470000045], "stats": [{"ci_99": [3.7862644274898525, 4.008060827510138], "q_25": 3.87131856325, "q_75": 3.9210345112499994, "min": 3.8449719550000054, "max": 3.953297660999965, "mean": 3.897162627499995, "std": 0.03980635696486465, "repeat": 4, "number": 1}]}, "benchmarks.MediumPack.time_discharge_2cpu": {"result": [2.66097309700001], "stats": [{"ci_99": [2.603430409009667, 2.7746841600000494], "q_25": 2.6403989762499833, "q_75": 2.691175228000006, "min": 2.6294467980000036, "max": 2.7746841600000494, "mean": 2.676810115500009, "std": 0.04927281859467953, "repeat": 6, "number": 1}]}, "benchmarks.SmallPack.time_discharge_1cpu": {"result": [1.0088859119999825], "stats": [{"ci_99": [1.000097478999976, 1.0269274670000073], "q_25": 1.003702003000015, "q_75": 1.0202878132500075, "min": 1.000097478999976, "max": 1.0269274670000073, "mean": 1.0114878964000014, "std": 0.009728012403920305, "repeat": 10, "number": 1}]}, "benchmarks.SmallPack.time_discharge_2cpu": {"result": [1.0327789739999957], "stats": [{"ci_99": [1.0190823419999901, 1.1113153740000143], "q_25": 1.0238957987499901, "q_75": 1.0440536357500179, "min": 1.0190823419999901, "max": 1.1113153740000143, "mean": 1.0410625938000009, "std": 0.02607195313099445, "repeat": 10, "number": 1}]}}, "params": {"machine": "GitHubRunner", "python": "3.8"}, "requirements": {}, "commit_hash": "82ab00ad257ccb2bc8dbcb71bc08baa30fa9ed43", "date": 1639676821000, "env_name": "virtualenv-py3.8", "python": "3.8", "profiles": {}, "started_at": {"benchmarks.BasicBenchmark.time_solve_model": 1642907831775, "benchmarks.LargePack.time_discharge_1cpu": 1642907836450, "benchmarks.LargePack.time_discharge_2cpu": 1642907852503, "benchmarks.LargePack.time_long_cycle_2cpu": 1642907569398, "benchmarks.MediumPack.time_discharge_1cpu": 1642907866591, "benchmarks.MediumPack.time_discharge_2cpu": 1642907879036, "benchmarks.SmallPack.time_discharge_1cpu": 1642907890519, "benchmarks.SmallPack.time_discharge_2cpu": 1642907897094}, "ended_at": {"benchmarks.BasicBenchmark.time_solve_model": 1642907836447, "benchmarks.LargePack.time_discharge_1cpu": 1642907852502, "benchmarks.LargePack.time_discharge_2cpu": 1642907866590, "benchmarks.LargePack.time_long_cycle_2cpu": 1642907794067, "benchmarks.MediumPack.time_discharge_1cpu": 1642907879036, "benchmarks.MediumPack.time_discharge_2cpu": 1642907890519, "benchmarks.SmallPack.time_discharge_1cpu": 1642907897094, "benchmarks.SmallPack.time_discharge_2cpu": 1642907903920}, "benchmark_version": {"benchmarks.BasicBenchmark.time_solve_model": "21dc88971553291c844a81300eeac2ae53f86ef7781bdb26086d1d57d88c8cec", "benchmarks.LargePack.time_discharge_1cpu": "5a2756f3bebd1d0e37e074eb74a0bca10c9ce960ed21316ad26e9583a10353f8", "benchmarks.LargePack.time_discharge_2cpu": "f19047f1071beb2e16eb288e9a2cb14f4b91fca1dd10a3dbe5c68078a908886d", "benchmarks.LargePack.time_long_cycle_2cpu": "886173c7f314c25dcd319de5a644065b170ce4fe889082fb1ebcead737f35d99", "benchmarks.MediumPack.time_discharge_1cpu": "b8aa492ab12a8aba37625a5c0deae1c109def02877ec79681d996a7f77cc595c", "benchmarks.MediumPack.time_discharge_2cpu": "850ba37f55027bfd05992888284a51f0f34d93dcdd99053c957faf34e763a327", "benchmarks.SmallPack.time_discharge_1cpu": "07ba66cea19ff93b549ef21d8e3a0e9282b00d59822764eb1b4ac75f74a0d9c9", "benchmarks.SmallPack.time_discharge_2cpu": "7d2cd2d77443c50c3db4ed879be8a6cc5ece070ec744f5ce5778304a5f2f1f27"}, "version": 1}