{"results": {"basic_benchmarks.BasicBenchmark.time_solve_model": null, "basic_benchmarks.LargePack.time_discharge_1cpu": null, "basic_benchmarks.LargePack.time_discharge_2cpu": null, "basic_benchmarks.LargePack.time_long_cycle_2cpu": null, "basic_benchmarks.MediumPack.time_discharge_1cpu": {"result": [10.86286133850001], "stats": [{"ci_99": [8.185619413500604, 13.540103263499416], "q_25": 10.836088919250017, "q_75": 10.889633757750005, "min": 10.809316500000023, "max": 10.916406176999999, "mean": 10.86286133850001, "std": 0.053544838499988145, "repeat": 2, "number": 1}]}, "basic_benchmarks.MediumPack.time_discharge_2cpu": {"result": [8.964462322499998], "stats": [{"ci_99": [8.426432947499194, 9.502491697500801], "q_25": 8.95908202874999, "q_75": 8.969842616250006, "min": 8.953701734999981, "max": 8.975222910000014, "mean": 8.964462322499998, "std": 0.010760587500016072, "repeat": 2, "number": 1}]}, "basic_benchmarks.SmallPack.time_discharge_1cpu": {"result": [1.5044299964999936], "stats": [{"ci_99": [1.4652507139999784, 1.552094469999986], "q_25": 1.467788460499989, "q_75": 1.5452070317500386, "min": 1.4652507139999784, "max": 1.552094469999986, "mean": 1.5062522845999922, "std": 0.036864383821625955, "repeat": 10, "number": 1}]}, "basic_benchmarks.SmallPack.time_discharge_2cpu": {"result": [1.4442161890000023], "stats": [{"ci_99": [1.4376003589999868, 1.4908105709999973], "q_25": 1.439758358500029, "q_75": 1.4475875432500231, "min": 1.4376003589999868, "max": 1.4908105709999973, "mean": 1.4518700713000101, "std": 0.01922271280041827, "repeat": 10, "number": 1}]}, "benchmarks.TimeSuite.time_iterkeys": null, "benchmarks.TimeSuite.time_keys": {"result": [6.506386267385549e-06], "stats": [{"ci_99": [6.46282698123396e-06, 6.6873375680437715e-06], "q_25": 6.4831848154945534e-06, "q_75": 6.547238203268183e-06, "min": 6.46282698123396e-06, "max": 6.6873375680437715e-06, "mean": 6.5285650937657576e-06, "std": 6.360602528417388e-08, "repeat": 10, "number": 1653}]}, "benchmarks.TimeSuite.time_range": {"result": [3.0616116314212134e-05], "stats": [{"ci_99": [3.030764652565575e-05, 3.2697462235706534e-05], "q_25": 3.042366918422193e-05, "q_75": 3.091635951655399e-05, "min": 3.030764652565575e-05, "max": 3.2697462235706534e-05, "mean": 3.095903262838967e-05, "std": 8.028559313139021e-07, "repeat": 10, "number": 331}]}, "benchmarks.MemSuite.mem_list": 2104}, "params": {"machine": "GitHubRunner", "python": "3.8"}, "requirements": {}, "commit_hash": "a2a67a4c6f7001f42a6836f60937630b084f853e", "date": 1638528548000, "env_name": "virtualenv-py3.8", "python": "3.8", "profiles": {}, "started_at": {"basic_benchmarks.BasicBenchmark.time_solve_model": 1638792155012, "basic_benchmarks.LargePack.time_discharge_1cpu": 1638792155470, "basic_benchmarks.LargePack.time_discharge_2cpu": 1638792215578, "basic_benchmarks.LargePack.time_long_cycle_2cpu": 1638792275688, "basic_benchmarks.MediumPack.time_discharge_1cpu": 1638792395777, "basic_benchmarks.MediumPack.time_discharge_2cpu": 1638792418158, "basic_benchmarks.SmallPack.time_discharge_1cpu": 1638792436518, "basic_benchmarks.SmallPack.time_discharge_2cpu": 1638792446459, "benchmarks.TimeSuite.time_iterkeys": 1638792395304, "benchmarks.TimeSuite.time_keys": 1638792456002, "benchmarks.TimeSuite.time_range": 1638792456210, "benchmarks.MemSuite.mem_list": 1638792455894}, "ended_at": {"basic_benchmarks.BasicBenchmark.time_solve_model": 1638792155470, "basic_benchmarks.LargePack.time_discharge_1cpu": 1638792215578, "basic_benchmarks.LargePack.time_discharge_2cpu": 1638792275688, "basic_benchmarks.LargePack.time_long_cycle_2cpu": 1638792335798, "basic_benchmarks.MediumPack.time_discharge_1cpu": 1638792418157, "basic_benchmarks.MediumPack.time_discharge_2cpu": 1638792436518, "basic_benchmarks.SmallPack.time_discharge_1cpu": 1638792446458, "basic_benchmarks.SmallPack.time_discharge_2cpu": 1638792455894, "benchmarks.TimeSuite.time_iterkeys": 1638792395360, "benchmarks.TimeSuite.time_keys": 1638792456210, "benchmarks.TimeSuite.time_range": 1638792456416, "benchmarks.MemSuite.mem_list": 1638792456002}, "benchmark_version": {"basic_benchmarks.BasicBenchmark.time_solve_model": "504d1f6b7a47e6a660b9f73cea8cc8755e90bab404fe1be253da58b7c159f516", "basic_benchmarks.LargePack.time_discharge_1cpu": "f3c41752a78e553a10027f99091a6c7868bbb9cab79f64c458e1828027e5c36f", "basic_benchmarks.LargePack.time_discharge_2cpu": "037d50fea56607a6935651800e2ff9f0269cc084d5ac011f66f85382393ac9c9", "basic_benchmarks.LargePack.time_long_cycle_2cpu": "b01e3ade1db86867f2cd6769a78ee369d45d9f39ff9dce3e4c1d80a18796baaf", "basic_benchmarks.MediumPack.time_discharge_1cpu": "dba4570cb5ee39ec4ed717647dd1ffe9576286d811caefee873f114b3cbf2df9", "basic_benchmarks.MediumPack.time_discharge_2cpu": "ac21f1bc2133031222024e9b339973be7cd91c466140c0555b87b9ccb2b42b56", "basic_benchmarks.SmallPack.time_discharge_1cpu": "9823f59045a18884750c1c965a9b2e3e4a3e9f3f9a6ad9a840e20842f63b12b8", "basic_benchmarks.SmallPack.time_discharge_2cpu": "d216b7644b6678700b4d910ff6b0d6b025b0a433c6aff8194ab71aea22d15c73", "benchmarks.TimeSuite.time_iterkeys": "435552618e257984493fe7ec8599f14feace6164fd38fd5e52ba908e16460dc7", "benchmarks.TimeSuite.time_keys": "a8700d8a3cfd71fbba4d1369e0ddffef01717c428b7bea4cc829c5a1a0243ac0", "benchmarks.TimeSuite.time_range": "72a6802b5ba2270cc4af88ddbd67e3c44fe4f4c8b292257438a394167fbb158b", "benchmarks.MemSuite.mem_list": "abe86bab484550a681c61d7bb6eb081fbd37eb6d5009eba1df85c935530577b9"}, "version": 1}