{"results": {"basic_benchmarks.BasicBenchmark.time_solve_model": {"result": [0.6178719629999989], "stats": [{"ci_99": [0.6005338289999997, 0.6280614199999945], "q_25": 0.615554081500008, "q_75": 0.6234602060000327, "min": 0.6005338289999997, "max": 0.6280614199999945, "mean": 0.6177472378999965, "std": 0.0074972303690227, "repeat": 10, "number": 1}]}, "basic_benchmarks.LargePack.time_discharge_1cpu": {"result": [7.80118847], "stats": [{"ci_99": [3.8297989199999734, 11.772578020000022], "q_25": 7.761474574499999, "q_75": 7.8409023655, "min": 7.721760678999999, "max": 7.880616261, "mean": 7.80118847, "std": 0.07942779100000052, "repeat": 2, "number": 1}]}, "basic_benchmarks.LargePack.time_discharge_2cpu": {"result": [4.846921629999997], "stats": [{"ci_99": [4.560884866870758, 5.216351870462602], "q_25": 4.845295983999989, "q_75": 4.911092384000028, "min": 4.843670337999981, "max": 4.975263138000059, "mean": 4.8886183686666795, "std": 0.06128148042458575, "repeat": 3, "number": 1}]}, "basic_benchmarks.LargePack.time_long_cycle_2cpu": null, "basic_benchmarks.MediumPack.time_discharge_1cpu": {"result": [4.443302297499997], "stats": [{"ci_99": [4.368114227760935, 4.5228986537391105], "q_25": 4.420964741249975, "q_75": 4.467843997000045, "min": 4.4164974300000495, "max": 4.478923738000049, "mean": 4.445506440750023, "std": 0.02663301944211061, "repeat": 4, "number": 1}]}, "basic_benchmarks.MediumPack.time_discharge_2cpu": {"result": [3.0119829900000354], "stats": [{"ci_99": [2.95735841432841, 3.065612068338255], "q_25": 2.981757569000024, "q_75": 3.03057662949999, "min": 2.9717172449999225, "max": 3.064771285000006, "mean": 3.0114852413333324, "std": 0.03274491865846102, "repeat": 6, "number": 1}]}, "basic_benchmarks.SmallPack.time_discharge_1cpu": {"result": [1.1859115740000448], "stats": [{"ci_99": [1.183546667000087, 1.1927863470000375], "q_25": 1.1843413327499945, "q_75": 1.1909040417499739, "min": 1.183546667000087, "max": 1.1927863470000375, "mean": 1.187320435900017, "std": 0.003468346776326046, "repeat": 10, "number": 1}]}, "basic_benchmarks.SmallPack.time_discharge_2cpu": {"result": [1.2042799440000067], "stats": [{"ci_99": [1.1941400389999899, 1.216583433999972], "q_25": 1.1970479532500349, "q_75": 1.2112161222499935, "min": 1.1941400389999899, "max": 1.216583433999972, "mean": 1.2046606364000128, "std": 0.008105898164889215, "repeat": 10, "number": 1}]}, "benchmarks.TimeSuite.time_iterkeys": null, "benchmarks.TimeSuite.time_keys": {"result": [5.197958392431027e-06], "stats": [{"ci_99": [5.173442553176483e-06, 5.255147044918234e-06], "q_25": 5.187130969234075e-06, "q_75": 5.214507328608211e-06, "min": 5.173442553176483e-06, "max": 5.255147044918234e-06, "mean": 5.203821607558874e-06, "std": 2.3228161820318755e-08, "repeat": 10, "number": 2115}]}, "benchmarks.TimeSuite.time_range": {"result": [2.4261856828134353e-05], "stats": [{"ci_99": [2.4125398678457747e-05, 2.4974984581596064e-05], "q_25": 2.4198695484630967e-05, "q_75": 2.4281185022149782e-05, "min": 2.4125398678457747e-05, "max": 2.4974984581596064e-05, "mean": 2.431972224674245e-05, "std": 2.3287524052413647e-07, "repeat": 10, "number": 454}]}, "benchmarks.MemSuite.mem_list": 2104}, "params": {"machine": "GitHubRunner", "python": "3.8"}, "requirements": {}, "commit_hash": "b4b6c2d1b4d408e931aa9a615ff939202997af07", "date": 1638892052000, "env_name": "virtualenv-py3.8", "python": "3.8", "profiles": {}, "started_at": {"basic_benchmarks.BasicBenchmark.time_solve_model": 1639020234028, "basic_benchmarks.LargePack.time_discharge_1cpu": 1639020239478, "basic_benchmarks.LargePack.time_discharge_2cpu": 1639020255938, "basic_benchmarks.LargePack.time_long_cycle_2cpu": 1639019584995, "basic_benchmarks.MediumPack.time_discharge_1cpu": 1639020266570, "basic_benchmarks.MediumPack.time_discharge_2cpu": 1639020280472, "basic_benchmarks.SmallPack.time_discharge_1cpu": 1639020293106, "basic_benchmarks.SmallPack.time_discharge_2cpu": 1639020300935, "benchmarks.TimeSuite.time_iterkeys": 1639020233559, "benchmarks.TimeSuite.time_keys": 1639020309071, "benchmarks.TimeSuite.time_range": 1639020309276, "benchmarks.MemSuite.mem_list": 1639020308965}, "ended_at": {"basic_benchmarks.BasicBenchmark.time_solve_model": 1639020239473, "basic_benchmarks.LargePack.time_discharge_1cpu": 1639020255937, "basic_benchmarks.LargePack.time_discharge_2cpu": 1639020266570, "basic_benchmarks.LargePack.time_long_cycle_2cpu": 1639020185911, "basic_benchmarks.MediumPack.time_discharge_1cpu": 1639020280471, "basic_benchmarks.MediumPack.time_discharge_2cpu": 1639020293105, "basic_benchmarks.SmallPack.time_discharge_1cpu": 1639020300935, "basic_benchmarks.SmallPack.time_discharge_2cpu": 1639020308965, "benchmarks.TimeSuite.time_iterkeys": 1639020233614, "benchmarks.TimeSuite.time_keys": 1639020309276, "benchmarks.TimeSuite.time_range": 1639020309482, "benchmarks.MemSuite.mem_list": 1639020309071}, "benchmark_version": {"basic_benchmarks.BasicBenchmark.time_solve_model": "21dc88971553291c844a81300eeac2ae53f86ef7781bdb26086d1d57d88c8cec", "basic_benchmarks.LargePack.time_discharge_1cpu": "5a2756f3bebd1d0e37e074eb74a0bca10c9ce960ed21316ad26e9583a10353f8", "basic_benchmarks.LargePack.time_discharge_2cpu": "f19047f1071beb2e16eb288e9a2cb14f4b91fca1dd10a3dbe5c68078a908886d", "basic_benchmarks.LargePack.time_long_cycle_2cpu": "886173c7f314c25dcd319de5a644065b170ce4fe889082fb1ebcead737f35d99", "basic_benchmarks.MediumPack.time_discharge_1cpu": "b8aa492ab12a8aba37625a5c0deae1c109def02877ec79681d996a7f77cc595c", "basic_benchmarks.MediumPack.time_discharge_2cpu": "850ba37f55027bfd05992888284a51f0f34d93dcdd99053c957faf34e763a327", "basic_benchmarks.SmallPack.time_discharge_1cpu": "07ba66cea19ff93b549ef21d8e3a0e9282b00d59822764eb1b4ac75f74a0d9c9", "basic_benchmarks.SmallPack.time_discharge_2cpu": "7d2cd2d77443c50c3db4ed879be8a6cc5ece070ec744f5ce5778304a5f2f1f27", "benchmarks.TimeSuite.time_iterkeys": "435552618e257984493fe7ec8599f14feace6164fd38fd5e52ba908e16460dc7", "benchmarks.TimeSuite.time_keys": "a8700d8a3cfd71fbba4d1369e0ddffef01717c428b7bea4cc829c5a1a0243ac0", "benchmarks.TimeSuite.time_range": "72a6802b5ba2270cc4af88ddbd67e3c44fe4f4c8b292257438a394167fbb158b", "benchmarks.MemSuite.mem_list": "abe86bab484550a681c61d7bb6eb081fbd37eb6d5009eba1df85c935530577b9"}, "version": 1}