{"results": {"basic_benchmarks.BasicBenchmark.time_solve_model": {"result": [0.6931415759999595], "stats": [{"ci_99": [0.6486512619999871, 0.7170583199999783], "q_25": 0.6715450342499878, "q_75": 0.7014839227500431, "min": 0.6486512619999871, "max": 0.7170583199999783, "mean": 0.6866922054999975, "std": 0.021314056401461293, "repeat": 10, "number": 1}]}, "basic_benchmarks.LargePack.time_discharge_1cpu": {"result": [8.859122667499975], "stats": [{"ci_99": [4.762296592499382, 12.955948742500563], "q_25": 8.818154406749969, "q_75": 8.90009092824998, "min": 8.777186145999963, "max": 8.941059188999986, "mean": 8.859122667499975, "std": 0.08193652150001185, "repeat": 2, "number": 1}]}, "basic_benchmarks.LargePack.time_discharge_2cpu": {"result": [5.791400579000026], "stats": [{"ci_99": [-3.8540062709980134, 15.436807428998057], "q_25": 5.694946510500046, "q_75": 5.887854647500006, "min": 5.598492442000065, "max": 5.984308715999987, "mean": 5.791400579000026, "std": 0.1929081369999608, "repeat": 2, "number": 1}]}, "basic_benchmarks.LargePack.time_long_cycle_2cpu": null, "basic_benchmarks.MediumPack.time_discharge_1cpu": {"result": [5.077959788000044], "stats": [{"ci_99": [4.3908355880012095, 5.765083987998877], "q_25": 5.071088546000055, "q_75": 5.084831030000032, "min": 5.064217304000067, "max": 5.0917022720000205, "mean": 5.077959788000044, "std": 0.013742483999976685, "repeat": 2, "number": 1}]}, "basic_benchmarks.MediumPack.time_discharge_2cpu": {"result": [3.4531422765000457], "stats": [{"ci_99": [3.337600125941027, 3.582938028059071], "q_25": 3.4281950297499577, "q_75": 3.4852163237501372, "min": 3.408555000999968, "max": 3.526236754000138, "mean": 3.4602690770000493, "std": 0.04417245925212216, "repeat": 4, "number": 1}]}, "basic_benchmarks.SmallPack.time_discharge_1cpu": {"result": [1.3066655149999633], "stats": [{"ci_99": [1.2849784190000264, 1.3338439460000018], "q_25": 1.296767566500023, "q_75": 1.315861670749939, "min": 1.2849784190000264, "max": 1.3338439460000018, "mean": 1.3076857227000005, "std": 0.015469956632786247, "repeat": 10, "number": 1}]}, "basic_benchmarks.SmallPack.time_discharge_2cpu": {"result": [1.3341614389999563], "stats": [{"ci_99": [1.3024485140001616, 1.3910387449999462], "q_25": 1.3232786862500916, "q_75": 1.3424222025000176, "min": 1.3024485140001616, "max": 1.3910387449999462, "mean": 1.3384467602000085, "std": 0.025921747925422248, "repeat": 10, "number": 1}]}, "benchmarks.TimeSuite.time_iterkeys": null, "benchmarks.TimeSuite.time_keys": {"result": [5.731195341412415e-06], "stats": [{"ci_99": [5.282144520856744e-06, 6.0292641609333274e-06], "q_25": 5.614041424020676e-06, "q_75": 5.877225383823299e-06, "min": 5.282144520856744e-06, "max": 6.0292641609333274e-06, "mean": 5.708632292207421e-06, "std": 2.1588052844650445e-07, "repeat": 10, "number": 1889}]}, "benchmarks.TimeSuite.time_range": {"result": [2.7649963953726274e-05], "stats": [{"ci_99": [2.4352962790819516e-05, 2.8336016279100414e-05], "q_25": 2.6878561046490095e-05, "q_75": 2.789235116279616e-05, "min": 2.4352962790819516e-05, "max": 2.8336016279100414e-05, "mean": 2.716719302328741e-05, "std": 1.205344795951913e-06, "repeat": 10, "number": 430}]}, "benchmarks.MemSuite.mem_list": 2104}, "params": {"machine": "GitHubRunner", "python": "3.8"}, "requirements": {}, "commit_hash": "b4b6c2d1b4d408e931aa9a615ff939202997af07", "date": 1638892052000, "env_name": "virtualenv-py3.8", "python": "3.8", "profiles": {}, "started_at": {"basic_benchmarks.BasicBenchmark.time_solve_model": 1639106654032, "basic_benchmarks.LargePack.time_discharge_1cpu": 1639106660084, "basic_benchmarks.LargePack.time_discharge_2cpu": 1639106678602, "basic_benchmarks.LargePack.time_long_cycle_2cpu": 1639106008284, "basic_benchmarks.MediumPack.time_discharge_1cpu": 1639106690695, "basic_benchmarks.MediumPack.time_discharge_2cpu": 1639106701437, "basic_benchmarks.SmallPack.time_discharge_1cpu": 1639106712579, "basic_benchmarks.SmallPack.time_discharge_2cpu": 1639106721216, "benchmarks.TimeSuite.time_iterkeys": 1639106653560, "benchmarks.TimeSuite.time_keys": 1639106730107, "benchmarks.TimeSuite.time_range": 1639106730313, "benchmarks.MemSuite.mem_list": 1639106730001}, "ended_at": {"basic_benchmarks.BasicBenchmark.time_solve_model": 1639106660078, "basic_benchmarks.LargePack.time_discharge_1cpu": 1639106678601, "basic_benchmarks.LargePack.time_discharge_2cpu": 1639106690695, "basic_benchmarks.LargePack.time_long_cycle_2cpu": 1639106609400, "basic_benchmarks.MediumPack.time_discharge_1cpu": 1639106701437, "basic_benchmarks.MediumPack.time_discharge_2cpu": 1639106712579, "basic_benchmarks.SmallPack.time_discharge_1cpu": 1639106721216, "basic_benchmarks.SmallPack.time_discharge_2cpu": 1639106730000, "benchmarks.TimeSuite.time_iterkeys": 1639106653616, "benchmarks.TimeSuite.time_keys": 1639106730313, "benchmarks.TimeSuite.time_range": 1639106730520, "benchmarks.MemSuite.mem_list": 1639106730106}, "benchmark_version": {"basic_benchmarks.BasicBenchmark.time_solve_model": "21dc88971553291c844a81300eeac2ae53f86ef7781bdb26086d1d57d88c8cec", "basic_benchmarks.LargePack.time_discharge_1cpu": "5a2756f3bebd1d0e37e074eb74a0bca10c9ce960ed21316ad26e9583a10353f8", "basic_benchmarks.LargePack.time_discharge_2cpu": "f19047f1071beb2e16eb288e9a2cb14f4b91fca1dd10a3dbe5c68078a908886d", "basic_benchmarks.LargePack.time_long_cycle_2cpu": "886173c7f314c25dcd319de5a644065b170ce4fe889082fb1ebcead737f35d99", "basic_benchmarks.MediumPack.time_discharge_1cpu": "b8aa492ab12a8aba37625a5c0deae1c109def02877ec79681d996a7f77cc595c", "basic_benchmarks.MediumPack.time_discharge_2cpu": "850ba37f55027bfd05992888284a51f0f34d93dcdd99053c957faf34e763a327", "basic_benchmarks.SmallPack.time_discharge_1cpu": "07ba66cea19ff93b549ef21d8e3a0e9282b00d59822764eb1b4ac75f74a0d9c9", "basic_benchmarks.SmallPack.time_discharge_2cpu": "7d2cd2d77443c50c3db4ed879be8a6cc5ece070ec744f5ce5778304a5f2f1f27", "benchmarks.TimeSuite.time_iterkeys": "435552618e257984493fe7ec8599f14feace6164fd38fd5e52ba908e16460dc7", "benchmarks.TimeSuite.time_keys": "a8700d8a3cfd71fbba4d1369e0ddffef01717c428b7bea4cc829c5a1a0243ac0", "benchmarks.TimeSuite.time_range": "72a6802b5ba2270cc4af88ddbd67e3c44fe4f4c8b292257438a394167fbb158b", "benchmarks.MemSuite.mem_list": "abe86bab484550a681c61d7bb6eb081fbd37eb6d5009eba1df85c935530577b9"}, "version": 1}