{"results": {"basic_benchmarks.BasicBenchmark.time_solve_model": {"result": [0.6200416515000313], "stats": [{"ci_99": [0.6065866999999798, 0.6360853380000435], "q_25": 0.6188759822499748, "q_75": 0.6282371217499403, "min": 0.6065866999999798, "max": 0.6360853380000435, "mean": 0.6211613536999948, "std": 0.00916236597147289, "repeat": 10, "number": 1}]}, "basic_benchmarks.LargePack.time_discharge_1cpu": {"result": [7.839960231999996], "stats": [{"ci_99": [5.775870982000939, 9.904049481999051], "q_25": 7.819319339500005, "q_75": 7.860601124499986, "min": 7.798678447000015, "max": 7.881242016999977, "mean": 7.839960231999996, "std": 0.04128178499998114, "repeat": 2, "number": 1}]}, "basic_benchmarks.LargePack.time_discharge_2cpu": {"result": [4.935650689499994], "stats": [{"ci_99": [2.920596364500284, 6.950705014499702], "q_25": 4.915500146249997, "q_75": 4.955801232749991, "min": 4.895349603, "max": 4.975951775999988, "mean": 4.935650689499994, "std": 0.0403010864999942, "repeat": 2, "number": 1}]}, "basic_benchmarks.LargePack.time_long_cycle_2cpu": null, "basic_benchmarks.MediumPack.time_discharge_1cpu": {"result": [4.498895996999977], "stats": [{"ci_99": [4.471688831514262, 4.524216969985725], "q_25": 4.493660653999996, "q_75": 4.503188243749975, "min": 4.483428509000078, "max": 4.510591099999942, "mean": 4.497952900749993, "std": 0.00973549474521875, "repeat": 4, "number": 1}]}, "basic_benchmarks.MediumPack.time_discharge_2cpu": {"result": [3.0838940914999853], "stats": [{"ci_99": [3.0190678080000453, 3.123371921545671], "q_25": 3.053350254000037, "q_75": 3.0911885522500313, "min": 3.0190678080000453, "max": 3.1140542719999758, "mean": 3.0729498795000154, "std": 0.03169582153463671, "repeat": 6, "number": 1}]}, "basic_benchmarks.SmallPack.time_discharge_1cpu": {"result": [1.2008047314999999], "stats": [{"ci_99": [1.1932568140000512, 1.2058733570000868], "q_25": 1.196016580500043, "q_75": 1.2029406237499813, "min": 1.1932568140000512, "max": 1.2058733570000868, "mean": 1.1997574660000054, "std": 0.004050556570436586, "repeat": 10, "number": 1}]}, "basic_benchmarks.SmallPack.time_discharge_2cpu": {"result": [1.2079815489999532], "stats": [{"ci_99": [1.2050385420000111, 1.2201736100000744], "q_25": 1.2062643627499199, "q_75": 1.2097079827500181, "min": 1.2050385420000111, "max": 1.2201736100000744, "mean": 1.2092422114999863, "std": 0.004544981764787025, "repeat": 10, "number": 1}]}, "benchmarks.TimeSuite.time_iterkeys": null, "benchmarks.TimeSuite.time_keys": {"result": [5.1482122574471334e-06], "stats": [{"ci_99": [5.129539990562749e-06, 5.293056791309415e-06], "q_25": 5.135124822529253e-06, "q_75": 5.176314126808926e-06, "min": 5.129539990562749e-06, "max": 5.293056791309415e-06, "mean": 5.165439044010456e-06, "std": 4.7433308071016524e-08, "repeat": 10, "number": 2113}]}, "benchmarks.TimeSuite.time_range": {"result": [2.408802759385777e-05], "stats": [{"ci_99": [2.3938229580448985e-05, 2.4242445915891823e-05], "q_25": 2.399490949228975e-05, "q_75": 2.4141284768198688e-05, "min": 2.3938229580448985e-05, "max": 2.4242445915891823e-05, "mean": 2.4076518322256763e-05, "std": 9.280194339123507e-08, "repeat": 10, "number": 453}]}, "benchmarks.MemSuite.mem_list": 2104}, "params": {"machine": "GitHubRunner", "python": "3.8"}, "requirements": {}, "commit_hash": "b4b6c2d1b4d408e931aa9a615ff939202997af07", "date": 1638892052000, "env_name": "virtualenv-py3.8", "python": "3.8", "profiles": {}, "started_at": {"basic_benchmarks.BasicBenchmark.time_solve_model": 1638933836376, "basic_benchmarks.LargePack.time_discharge_1cpu": 1638933841936, "basic_benchmarks.LargePack.time_discharge_2cpu": 1638933858496, "basic_benchmarks.LargePack.time_long_cycle_2cpu": 1638933188590, "basic_benchmarks.MediumPack.time_discharge_1cpu": 1638933869178, "basic_benchmarks.MediumPack.time_discharge_2cpu": 1638933883390, "basic_benchmarks.SmallPack.time_discharge_1cpu": 1638933896427, "basic_benchmarks.SmallPack.time_discharge_2cpu": 1638933904407, "benchmarks.TimeSuite.time_iterkeys": 1638933835907, "benchmarks.TimeSuite.time_keys": 1638933912495, "benchmarks.TimeSuite.time_range": 1638933912700, "benchmarks.MemSuite.mem_list": 1638933912440}, "ended_at": {"basic_benchmarks.BasicBenchmark.time_solve_model": 1638933841934, "basic_benchmarks.LargePack.time_discharge_1cpu": 1638933858495, "basic_benchmarks.LargePack.time_discharge_2cpu": 1638933869177, "basic_benchmarks.LargePack.time_long_cycle_2cpu": 1638933789424, "basic_benchmarks.MediumPack.time_discharge_1cpu": 1638933883390, "basic_benchmarks.MediumPack.time_discharge_2cpu": 1638933896426, "basic_benchmarks.SmallPack.time_discharge_1cpu": 1638933904407, "basic_benchmarks.SmallPack.time_discharge_2cpu": 1638933912439, "benchmarks.TimeSuite.time_iterkeys": 1638933835962, "benchmarks.TimeSuite.time_keys": 1638933912700, "benchmarks.TimeSuite.time_range": 1638933912905, "benchmarks.MemSuite.mem_list": 1638933912494}, "benchmark_version": {"basic_benchmarks.BasicBenchmark.time_solve_model": "21dc88971553291c844a81300eeac2ae53f86ef7781bdb26086d1d57d88c8cec", "basic_benchmarks.LargePack.time_discharge_1cpu": "5a2756f3bebd1d0e37e074eb74a0bca10c9ce960ed21316ad26e9583a10353f8", "basic_benchmarks.LargePack.time_discharge_2cpu": "f19047f1071beb2e16eb288e9a2cb14f4b91fca1dd10a3dbe5c68078a908886d", "basic_benchmarks.LargePack.time_long_cycle_2cpu": "886173c7f314c25dcd319de5a644065b170ce4fe889082fb1ebcead737f35d99", "basic_benchmarks.MediumPack.time_discharge_1cpu": "b8aa492ab12a8aba37625a5c0deae1c109def02877ec79681d996a7f77cc595c", "basic_benchmarks.MediumPack.time_discharge_2cpu": "850ba37f55027bfd05992888284a51f0f34d93dcdd99053c957faf34e763a327", "basic_benchmarks.SmallPack.time_discharge_1cpu": "07ba66cea19ff93b549ef21d8e3a0e9282b00d59822764eb1b4ac75f74a0d9c9", "basic_benchmarks.SmallPack.time_discharge_2cpu": "7d2cd2d77443c50c3db4ed879be8a6cc5ece070ec744f5ce5778304a5f2f1f27", "benchmarks.TimeSuite.time_iterkeys": "435552618e257984493fe7ec8599f14feace6164fd38fd5e52ba908e16460dc7", "benchmarks.TimeSuite.time_keys": "a8700d8a3cfd71fbba4d1369e0ddffef01717c428b7bea4cc829c5a1a0243ac0", "benchmarks.TimeSuite.time_range": "72a6802b5ba2270cc4af88ddbd67e3c44fe4f4c8b292257438a394167fbb158b", "benchmarks.MemSuite.mem_list": "abe86bab484550a681c61d7bb6eb081fbd37eb6d5009eba1df85c935530577b9"}, "version": 1}