{"results": {"basic_benchmarks.BasicBenchmark.time_solve_model": {"result": [0.6181296540000005], "stats": [{"ci_99": [0.6046494729999949, 0.6290725709999379], "q_25": 0.6127391257499823, "q_75": 0.6232531492500009, "min": 0.6046494729999949, "max": 0.6290725709999379, "mean": 0.6172535169999961, "std": 0.007922671214677325, "repeat": 10, "number": 1}]}, "basic_benchmarks.LargePack.time_discharge_1cpu": {"result": [7.9307916145000235], "stats": [{"ci_99": [7.159844839498888, 8.701738389501159], "q_25": 7.923082146750012, "q_75": 7.938501082250035, "min": 7.915372679000001, "max": 7.946210550000046, "mean": 7.9307916145000235, "std": 0.015418935500022712, "repeat": 2, "number": 1}]}, "basic_benchmarks.LargePack.time_discharge_2cpu": {"result": [4.9807489074999864], "stats": [{"ci_99": [4.165608932500874, 5.795888882499098], "q_25": 4.972597507749995, "q_75": 4.988900307249978, "min": 4.964446108000004, "max": 4.997051706999969, "mean": 4.9807489074999864, "std": 0.016302799499982257, "repeat": 2, "number": 1}]}, "basic_benchmarks.LargePack.time_long_cycle_2cpu": null, "basic_benchmarks.MediumPack.time_discharge_1cpu": {"result": [4.505980969500001], "stats": [{"ci_99": [4.441344666471634, 4.570466446028392], "q_25": 4.49153265999999, "q_75": 4.520353865750025, "min": 4.474238860000014, "max": 4.537421426000037, "mean": 4.505905556250013, "std": 0.02316708167404875, "repeat": 4, "number": 1}]}, "basic_benchmarks.MediumPack.time_discharge_2cpu": {"result": [3.02056925200003], "stats": [{"ci_99": [2.995786608367653, 3.039534284299003], "q_25": 3.007375407750004, "q_75": 3.0281817567500013, "min": 2.997434723999959, "max": 3.033692731999963, "mean": 3.0176604463333283, "std": 0.013278210541763116, "repeat": 6, "number": 1}]}, "basic_benchmarks.SmallPack.time_discharge_1cpu": {"result": [1.1880073290000155], "stats": [{"ci_99": [1.184648177999975, 1.194645520999984], "q_25": 1.18657652174997, "q_75": 1.1922385997499987, "min": 1.184648177999975, "max": 1.194645520999984, "mean": 1.1892265460999965, "std": 0.0034342989401533815, "repeat": 10, "number": 1}]}, "basic_benchmarks.SmallPack.time_discharge_2cpu": {"result": [1.2016459230000578], "stats": [{"ci_99": [1.1987131839999847, 1.215911654000024], "q_25": 1.1996079705000398, "q_75": 1.2054894637500126, "min": 1.1987131839999847, "max": 1.215911654000024, "mean": 1.2034687158000223, "std": 0.005049860895127015, "repeat": 10, "number": 1}]}, "benchmarks.TimeSuite.time_iterkeys": null, "benchmarks.TimeSuite.time_keys": {"result": [5.193512646362083e-06], "stats": [{"ci_99": [5.144518969561071e-06, 5.231030444950254e-06], "q_25": 5.1696599531644325e-06, "q_75": 5.203360655738368e-06, "min": 5.144518969561071e-06, "max": 5.231030444950254e-06, "mean": 5.188777189691504e-06, "std": 2.807637221550105e-08, "repeat": 10, "number": 2135}]}, "benchmarks.TimeSuite.time_range": {"result": [2.4170039647550353e-05], "stats": [{"ci_99": [2.4090854625561076e-05, 2.421861013232399e-05], "q_25": 2.413881718067509e-05, "q_75": 2.4187605726819936e-05, "min": 2.4090854625561076e-05, "max": 2.421861013232399e-05, "mean": 2.4159445154190213e-05, "std": 3.8544730792285785e-08, "repeat": 10, "number": 454}]}, "benchmarks.MemSuite.mem_list": 2104}, "params": {"machine": "GitHubRunner", "python": "3.8"}, "requirements": {}, "commit_hash": "b4b6c2d1b4d408e931aa9a615ff939202997af07", "date": 1638892052000, "env_name": "virtualenv-py3.8", "python": "3.8", "profiles": {}, "started_at": {"basic_benchmarks.BasicBenchmark.time_solve_model": 1639193007203, "basic_benchmarks.LargePack.time_discharge_1cpu": 1639193012573, "basic_benchmarks.LargePack.time_discharge_2cpu": 1639193029224, "basic_benchmarks.LargePack.time_long_cycle_2cpu": 1639192359454, "basic_benchmarks.MediumPack.time_discharge_1cpu": 1639193039803, "basic_benchmarks.MediumPack.time_discharge_2cpu": 1639193053998, "basic_benchmarks.SmallPack.time_discharge_1cpu": 1639193066831, "basic_benchmarks.SmallPack.time_discharge_2cpu": 1639193074710, "benchmarks.TimeSuite.time_iterkeys": 1639193006737, "benchmarks.TimeSuite.time_keys": 1639193082845, "benchmarks.TimeSuite.time_range": 1639193083050, "benchmarks.MemSuite.mem_list": 1639193082739}, "ended_at": {"basic_benchmarks.BasicBenchmark.time_solve_model": 1639193012570, "basic_benchmarks.LargePack.time_discharge_1cpu": 1639193029224, "basic_benchmarks.LargePack.time_discharge_2cpu": 1639193039802, "basic_benchmarks.LargePack.time_long_cycle_2cpu": 1639192960285, "basic_benchmarks.MediumPack.time_discharge_1cpu": 1639193053997, "basic_benchmarks.MediumPack.time_discharge_2cpu": 1639193066831, "basic_benchmarks.SmallPack.time_discharge_1cpu": 1639193074710, "basic_benchmarks.SmallPack.time_discharge_2cpu": 1639193082739, "benchmarks.TimeSuite.time_iterkeys": 1639193006791, "benchmarks.TimeSuite.time_keys": 1639193083050, "benchmarks.TimeSuite.time_range": 1639193083256, "benchmarks.MemSuite.mem_list": 1639193082844}, "benchmark_version": {"basic_benchmarks.BasicBenchmark.time_solve_model": "21dc88971553291c844a81300eeac2ae53f86ef7781bdb26086d1d57d88c8cec", "basic_benchmarks.LargePack.time_discharge_1cpu": "5a2756f3bebd1d0e37e074eb74a0bca10c9ce960ed21316ad26e9583a10353f8", "basic_benchmarks.LargePack.time_discharge_2cpu": "f19047f1071beb2e16eb288e9a2cb14f4b91fca1dd10a3dbe5c68078a908886d", "basic_benchmarks.LargePack.time_long_cycle_2cpu": "886173c7f314c25dcd319de5a644065b170ce4fe889082fb1ebcead737f35d99", "basic_benchmarks.MediumPack.time_discharge_1cpu": "b8aa492ab12a8aba37625a5c0deae1c109def02877ec79681d996a7f77cc595c", "basic_benchmarks.MediumPack.time_discharge_2cpu": "850ba37f55027bfd05992888284a51f0f34d93dcdd99053c957faf34e763a327", "basic_benchmarks.SmallPack.time_discharge_1cpu": "07ba66cea19ff93b549ef21d8e3a0e9282b00d59822764eb1b4ac75f74a0d9c9", "basic_benchmarks.SmallPack.time_discharge_2cpu": "7d2cd2d77443c50c3db4ed879be8a6cc5ece070ec744f5ce5778304a5f2f1f27", "benchmarks.TimeSuite.time_iterkeys": "435552618e257984493fe7ec8599f14feace6164fd38fd5e52ba908e16460dc7", "benchmarks.TimeSuite.time_keys": "a8700d8a3cfd71fbba4d1369e0ddffef01717c428b7bea4cc829c5a1a0243ac0", "benchmarks.TimeSuite.time_range": "72a6802b5ba2270cc4af88ddbd67e3c44fe4f4c8b292257438a394167fbb158b", "benchmarks.MemSuite.mem_list": "abe86bab484550a681c61d7bb6eb081fbd37eb6d5009eba1df85c935530577b9"}, "version": 1}