{"results": {"basic_benchmarks.BasicBenchmark.time_solve_model": {"result": [0.6275698264999932], "stats": [{"ci_99": [0.6199561269999947, 0.6323476609999261], "q_25": 0.6252720819999951, "q_75": 0.6305432857499866, "min": 0.6199561269999947, "max": 0.6323476609999261, "mean": 0.6275931701999923, "std": 0.0036605197113941793, "repeat": 10, "number": 1}]}, "basic_benchmarks.LargePack.time_discharge_1cpu": {"result": [7.827270021499999], "stats": [{"ci_99": [5.545556246500382, 10.108983796499613], "q_25": 7.8044528837500025, "q_75": 7.850087159249995, "min": 7.781635746000006, "max": 7.872904296999991, "mean": 7.827270021499999, "std": 0.04563427549999233, "repeat": 2, "number": 1}]}, "basic_benchmarks.LargePack.time_discharge_2cpu": {"result": [4.978923387000037], "stats": [{"ci_99": [4.664119136999915, 5.29372763700016], "q_25": 4.975775344500036, "q_75": 4.982071429500039, "min": 4.972627302000035, "max": 4.98521947200004, "mean": 4.978923387000037, "std": 0.006296085000002449, "repeat": 2, "number": 1}]}, "basic_benchmarks.LargePack.time_long_cycle_2cpu": null, "basic_benchmarks.MediumPack.time_discharge_1cpu": {"result": [4.517036634000021], "stats": [{"ci_99": [4.48724120276228, 4.547957654237731], "q_25": 4.510260371249956, "q_75": 4.524375691250071, "min": 4.503550325999981, "max": 4.532774119999999, "mean": 4.517599428500006, "std": 0.010833946762226763, "repeat": 4, "number": 1}]}, "basic_benchmarks.MediumPack.time_discharge_2cpu": {"result": [3.081585713499976], "stats": [{"ci_99": [3.0380508230000487, 3.107152485456107], "q_25": 3.074338061249989, "q_75": 3.0920725595000533, "min": 3.0380508230000487, "max": 3.0989156140000205, "mean": 3.0779380360000155, "std": 0.019940984179379777, "repeat": 6, "number": 1}]}, "basic_benchmarks.SmallPack.time_discharge_1cpu": {"result": [1.2041528855000365], "stats": [{"ci_99": [1.1941182330000402, 1.2144863150000447], "q_25": 1.2029133637500138, "q_75": 1.2063038015000416, "min": 1.1941182330000402, "max": 1.2144863150000447, "mean": 1.2040189415000213, "std": 0.005079995147309485, "repeat": 10, "number": 1}]}, "basic_benchmarks.SmallPack.time_discharge_2cpu": {"result": [1.209584237499996], "stats": [{"ci_99": [1.2037239359999603, 1.2204647920000298], "q_25": 1.2045340857499411, "q_75": 1.2135705994999455, "min": 1.2037239359999603, "max": 1.2204647920000298, "mean": 1.2103502000999697, "std": 0.005964782910027152, "repeat": 10, "number": 1}]}, "benchmarks.TimeSuite.time_iterkeys": null, "benchmarks.TimeSuite.time_keys": {"result": [5.191298034413605e-06], "stats": [{"ci_99": [5.155003931246359e-06, 5.209999508604315e-06], "q_25": 5.166626044208794e-06, "q_75": 5.2025300982687494e-06, "min": 5.155003931246359e-06, "max": 5.209999508604315e-06, "mean": 5.185410859957675e-06, "std": 1.98282396472348e-08, "repeat": 10, "number": 2035}]}, "benchmarks.TimeSuite.time_range": {"result": [2.4222631868024808e-05], "stats": [{"ci_99": [2.4146931868027413e-05, 2.430078021976382e-05], "q_25": 2.4186186813277333e-05, "q_75": 2.4266791208796906e-05, "min": 2.4146931868027413e-05, "max": 2.430078021976382e-05, "mean": 2.4224323736229512e-05, "std": 4.8014960717496964e-08, "repeat": 10, "number": 455}]}, "benchmarks.MemSuite.mem_list": 2104}, "params": {"machine": "GitHubRunner", "python": "3.8"}, "requirements": {}, "commit_hash": "b4b6c2d1b4d408e931aa9a615ff939202997af07", "date": 1638892052000, "env_name": "virtualenv-py3.8", "python": "3.8", "profiles": {}, "started_at": {"basic_benchmarks.BasicBenchmark.time_solve_model": 1639279397718, "basic_benchmarks.LargePack.time_discharge_1cpu": 1639279405403, "basic_benchmarks.LargePack.time_discharge_2cpu": 1639279421912, "basic_benchmarks.LargePack.time_long_cycle_2cpu": 1639278752334, "basic_benchmarks.MediumPack.time_discharge_1cpu": 1639279432594, "basic_benchmarks.MediumPack.time_discharge_2cpu": 1639279446797, "basic_benchmarks.SmallPack.time_discharge_1cpu": 1639279459937, "basic_benchmarks.SmallPack.time_discharge_2cpu": 1639279467767, "benchmarks.TimeSuite.time_iterkeys": 1639279397250, "benchmarks.TimeSuite.time_keys": 1639279475752, "benchmarks.TimeSuite.time_range": 1639279475958, "benchmarks.MemSuite.mem_list": 1639279475646}, "ended_at": {"basic_benchmarks.BasicBenchmark.time_solve_model": 1639279405398, "basic_benchmarks.LargePack.time_discharge_1cpu": 1639279421911, "basic_benchmarks.LargePack.time_discharge_2cpu": 1639279432593, "basic_benchmarks.LargePack.time_long_cycle_2cpu": 1639279353303, "basic_benchmarks.MediumPack.time_discharge_1cpu": 1639279446797, "basic_benchmarks.MediumPack.time_discharge_2cpu": 1639279459936, "basic_benchmarks.SmallPack.time_discharge_1cpu": 1639279467766, "basic_benchmarks.SmallPack.time_discharge_2cpu": 1639279475646, "benchmarks.TimeSuite.time_iterkeys": 1639279397305, "benchmarks.TimeSuite.time_keys": 1639279475957, "benchmarks.TimeSuite.time_range": 1639279476163, "benchmarks.MemSuite.mem_list": 1639279475751}, "benchmark_version": {"basic_benchmarks.BasicBenchmark.time_solve_model": "21dc88971553291c844a81300eeac2ae53f86ef7781bdb26086d1d57d88c8cec", "basic_benchmarks.LargePack.time_discharge_1cpu": "5a2756f3bebd1d0e37e074eb74a0bca10c9ce960ed21316ad26e9583a10353f8", "basic_benchmarks.LargePack.time_discharge_2cpu": "f19047f1071beb2e16eb288e9a2cb14f4b91fca1dd10a3dbe5c68078a908886d", "basic_benchmarks.LargePack.time_long_cycle_2cpu": "886173c7f314c25dcd319de5a644065b170ce4fe889082fb1ebcead737f35d99", "basic_benchmarks.MediumPack.time_discharge_1cpu": "b8aa492ab12a8aba37625a5c0deae1c109def02877ec79681d996a7f77cc595c", "basic_benchmarks.MediumPack.time_discharge_2cpu": "850ba37f55027bfd05992888284a51f0f34d93dcdd99053c957faf34e763a327", "basic_benchmarks.SmallPack.time_discharge_1cpu": "07ba66cea19ff93b549ef21d8e3a0e9282b00d59822764eb1b4ac75f74a0d9c9", "basic_benchmarks.SmallPack.time_discharge_2cpu": "7d2cd2d77443c50c3db4ed879be8a6cc5ece070ec744f5ce5778304a5f2f1f27", "benchmarks.TimeSuite.time_iterkeys": "435552618e257984493fe7ec8599f14feace6164fd38fd5e52ba908e16460dc7", "benchmarks.TimeSuite.time_keys": "a8700d8a3cfd71fbba4d1369e0ddffef01717c428b7bea4cc829c5a1a0243ac0", "benchmarks.TimeSuite.time_range": "72a6802b5ba2270cc4af88ddbd67e3c44fe4f4c8b292257438a394167fbb158b", "benchmarks.MemSuite.mem_list": "abe86bab484550a681c61d7bb6eb081fbd37eb6d5009eba1df85c935530577b9"}, "version": 1}