{"results": {"basic_benchmarks.BasicBenchmark.time_solve_model": {"result": [0.6337651379999443], "stats": [{"ci_99": [0.6192849890001071, 0.6469657869999992], "q_25": 0.6260419495000633, "q_75": 0.6377037807499164, "min": 0.6192849890001071, "max": 0.6469657869999992, "mean": 0.6322310658000105, "std": 0.008745307060415, "repeat": 10, "number": 1}]}, "basic_benchmarks.LargePack.time_discharge_1cpu": {"result": [7.871825494000063], "stats": [{"ci_99": [6.752470694000635, 8.991180293999491], "q_25": 7.860631946000069, "q_75": 7.883019042000058, "min": 7.849438398000075, "max": 7.894212590000052, "mean": 7.871825494000063, "std": 0.02238709599998856, "repeat": 2, "number": 1}]}, "basic_benchmarks.LargePack.time_discharge_2cpu": {"result": [5.0735114115000215], "stats": [{"ci_99": [0.8236959365021903, 9.32332688649785], "q_25": 5.031013256750043, "q_75": 5.11600956625, "min": 4.988515102000065, "max": 5.158507720999978, "mean": 5.0735114115000215, "std": 0.08499630949995662, "repeat": 2, "number": 1}]}, "basic_benchmarks.LargePack.time_long_cycle_2cpu": null, "basic_benchmarks.MediumPack.time_discharge_1cpu": {"result": [4.5252174474999265], "stats": [{"ci_99": [4.481673094371738, 4.560259645128147], "q_25": 4.51659279099988, "q_75": 4.529591026249989, "min": 4.496251944999813, "max": 4.537178639000103, "mean": 4.520966369749942, "std": 0.015137595777030131, "repeat": 4, "number": 1}]}, "basic_benchmarks.MediumPack.time_discharge_2cpu": {"result": [3.102548838000075], "stats": [{"ci_99": [3.03831211506974, 3.160493692930273], "q_25": 3.0703943040000468, "q_75": 3.125969867250035, "min": 3.0464194759999828, "max": 3.1514472689998456, "mean": 3.0994029040000064, "std": 0.03656577638236271, "repeat": 6, "number": 1}]}, "basic_benchmarks.SmallPack.time_discharge_1cpu": {"result": [1.2099074159999645], "stats": [{"ci_99": [1.2015899400000762, 1.217018052999947], "q_25": 1.206129630750013, "q_75": 1.212452339749916, "min": 1.2015899400000762, "max": 1.217018052999947, "mean": 1.2096547929999815, "std": 0.004536681955694221, "repeat": 10, "number": 1}]}, "basic_benchmarks.SmallPack.time_discharge_2cpu": {"result": [1.2223446180000792], "stats": [{"ci_99": [1.217253239999991, 1.2319697580001048], "q_25": 1.2186852887500663, "q_75": 1.2241421375000527, "min": 1.217253239999991, "max": 1.2319697580001048, "mean": 1.2223433746000183, "std": 0.004232291029808621, "repeat": 10, "number": 1}]}, "benchmarks.TimeSuite.time_iterkeys": null, "benchmarks.TimeSuite.time_keys": {"result": [5.226949857470372e-06], "stats": [{"ci_99": [5.190804657812366e-06, 5.2611939163407e-06], "q_25": 5.197387357412816e-06, "q_75": 5.2368711976777215e-06, "min": 5.190804657812366e-06, "max": 5.2611939163407e-06, "mean": 5.222006891638544e-06, "std": 2.4410375285111355e-08, "repeat": 10, "number": 2104}]}, "benchmarks.TimeSuite.time_range": {"result": [2.6212612472050154e-05], "stats": [{"ci_99": [2.4054458797354627e-05, 2.947479287284089e-05], "q_25": 2.412990423162084e-05, "q_75": 2.9365492204856016e-05, "min": 2.4054458797354627e-05, "max": 2.947479287284089e-05, "mean": 2.664950066811802e-05, "std": 2.5508517861384465e-06, "repeat": 10, "number": 449}]}, "benchmarks.MemSuite.mem_list": 2104}, "params": {"machine": "GitHubRunner", "python": "3.8"}, "requirements": {}, "commit_hash": "cf9c8e87901996287f312a2afd3fca437354f3e6", "date": 1638452624000, "env_name": "virtualenv-py3.8", "python": "3.8", "profiles": {}, "started_at": {"basic_benchmarks.BasicBenchmark.time_solve_model": 1638808302714, "basic_benchmarks.LargePack.time_discharge_1cpu": 1638808308303, "basic_benchmarks.LargePack.time_discharge_2cpu": 1638808324968, "basic_benchmarks.LargePack.time_long_cycle_2cpu": 1638807653159, "basic_benchmarks.MediumPack.time_discharge_1cpu": 1638808335955, "basic_benchmarks.MediumPack.time_discharge_2cpu": 1638808350260, "basic_benchmarks.SmallPack.time_discharge_1cpu": 1638808363298, "basic_benchmarks.SmallPack.time_discharge_2cpu": 1638808371330, "benchmarks.TimeSuite.time_iterkeys": 1638808302246, "benchmarks.TimeSuite.time_keys": 1638808379517, "benchmarks.TimeSuite.time_range": 1638808379723, "benchmarks.MemSuite.mem_list": 1638808379461}, "ended_at": {"basic_benchmarks.BasicBenchmark.time_solve_model": 1638808308301, "basic_benchmarks.LargePack.time_discharge_1cpu": 1638808324968, "basic_benchmarks.LargePack.time_discharge_2cpu": 1638808335955, "basic_benchmarks.LargePack.time_long_cycle_2cpu": 1638808254112, "basic_benchmarks.MediumPack.time_discharge_1cpu": 1638808350260, "basic_benchmarks.MediumPack.time_discharge_2cpu": 1638808363298, "basic_benchmarks.SmallPack.time_discharge_1cpu": 1638808371330, "basic_benchmarks.SmallPack.time_discharge_2cpu": 1638808379461, "benchmarks.TimeSuite.time_iterkeys": 1638808302301, "benchmarks.TimeSuite.time_keys": 1638808379722, "benchmarks.TimeSuite.time_range": 1638808379928, "benchmarks.MemSuite.mem_list": 1638808379516}, "benchmark_version": {"basic_benchmarks.BasicBenchmark.time_solve_model": "21dc88971553291c844a81300eeac2ae53f86ef7781bdb26086d1d57d88c8cec", "basic_benchmarks.LargePack.time_discharge_1cpu": "5a2756f3bebd1d0e37e074eb74a0bca10c9ce960ed21316ad26e9583a10353f8", "basic_benchmarks.LargePack.time_discharge_2cpu": "f19047f1071beb2e16eb288e9a2cb14f4b91fca1dd10a3dbe5c68078a908886d", "basic_benchmarks.LargePack.time_long_cycle_2cpu": "886173c7f314c25dcd319de5a644065b170ce4fe889082fb1ebcead737f35d99", "basic_benchmarks.MediumPack.time_discharge_1cpu": "b8aa492ab12a8aba37625a5c0deae1c109def02877ec79681d996a7f77cc595c", "basic_benchmarks.MediumPack.time_discharge_2cpu": "850ba37f55027bfd05992888284a51f0f34d93dcdd99053c957faf34e763a327", "basic_benchmarks.SmallPack.time_discharge_1cpu": "07ba66cea19ff93b549ef21d8e3a0e9282b00d59822764eb1b4ac75f74a0d9c9", "basic_benchmarks.SmallPack.time_discharge_2cpu": "7d2cd2d77443c50c3db4ed879be8a6cc5ece070ec744f5ce5778304a5f2f1f27", "benchmarks.TimeSuite.time_iterkeys": "435552618e257984493fe7ec8599f14feace6164fd38fd5e52ba908e16460dc7", "benchmarks.TimeSuite.time_keys": "a8700d8a3cfd71fbba4d1369e0ddffef01717c428b7bea4cc829c5a1a0243ac0", "benchmarks.TimeSuite.time_range": "72a6802b5ba2270cc4af88ddbd67e3c44fe4f4c8b292257438a394167fbb158b", "benchmarks.MemSuite.mem_list": "abe86bab484550a681c61d7bb6eb081fbd37eb6d5009eba1df85c935530577b9"}, "version": 1}