{"results": {"basic_benchmarks.BasicBenchmark.time_solve_model": null, "basic_benchmarks.LargePack.time_discharge_1cpu": null, "basic_benchmarks.LargePack.time_discharge_2cpu": null, "basic_benchmarks.LargePack.time_long_cycle_2cpu": null, "basic_benchmarks.MediumPack.time_discharge_1cpu": {"result": [5.417945506000024], "stats": [{"ci_99": [4.931135156002711, 5.904755855997337], "q_25": 5.4130774025000505, "q_75": 5.422813609499997, "min": 5.408209299000077, "max": 5.42768171299997, "mean": 5.417945506000024, "std": 0.009736206999946262, "repeat": 2, "number": 1}]}, "basic_benchmarks.MediumPack.time_discharge_2cpu": {"result": [3.664441618000012], "stats": [{"ci_99": [3.5382520306088674, 3.7607789923911294], "q_25": 3.630644980999989, "q_75": 3.683312148500022, "min": 3.5829788029999463, "max": 3.686200007000025, "mean": 3.649515511499999, "std": 0.041412104665726514, "repeat": 4, "number": 1}]}, "basic_benchmarks.SmallPack.time_discharge_1cpu": {"result": [1.4236246954999956], "stats": [{"ci_99": [1.40398797499995, 1.4658341859999382], "q_25": 1.4080360290000442, "q_75": 1.4525677362499323, "min": 1.40398797499995, "max": 1.4658341859999382, "mean": 1.4303929030999825, "std": 0.02403168851935658, "repeat": 10, "number": 1}]}, "basic_benchmarks.SmallPack.time_discharge_2cpu": {"result": [1.4409729679999828], "stats": [{"ci_99": [1.417763788000002, 1.479188024999985], "q_25": 1.4207676132500069, "q_75": 1.4625512270000058, "min": 1.417763788000002, "max": 1.479188024999985, "mean": 1.4428795300999808, "std": 0.02273974449435027, "repeat": 10, "number": 1}]}, "benchmarks.TimeSuite.time_iterkeys": null, "benchmarks.TimeSuite.time_keys": {"result": [6.542905135970655e-06], "stats": [{"ci_99": [6.520819939531099e-06, 6.961560725110845e-06], "q_25": 6.531590936581125e-06, "q_75": 6.701687764327256e-06, "min": 6.520819939531099e-06, "max": 6.961560725110845e-06, "mean": 6.635216978859268e-06, "std": 1.4624637229245528e-07, "repeat": 10, "number": 1655}]}, "benchmarks.TimeSuite.time_range": {"result": [3.0629434650420034e-05], "stats": [{"ci_99": [3.0267875380169634e-05, 3.083262917925131e-05], "q_25": 3.0446376139653447e-05, "q_75": 3.071705319127907e-05, "min": 3.0267875380169634e-05, "max": 3.083262917925131e-05, "mean": 3.0585268996910487e-05, "std": 1.81054560488808e-07, "repeat": 10, "number": 329}]}, "benchmarks.MemSuite.mem_list": 2104}, "params": {"machine": "GitHubRunner", "python": "3.8"}, "requirements": {}, "commit_hash": "cf9c8e87901996287f312a2afd3fca437354f3e6", "date": 1638452624000, "env_name": "virtualenv-py3.8", "python": "3.8", "profiles": {}, "started_at": {"basic_benchmarks.BasicBenchmark.time_solve_model": 1638792465106, "basic_benchmarks.LargePack.time_discharge_1cpu": 1638792465565, "basic_benchmarks.LargePack.time_discharge_2cpu": 1638792525737, "basic_benchmarks.LargePack.time_long_cycle_2cpu": 1638792585862, "basic_benchmarks.MediumPack.time_discharge_1cpu": 1638792687723, "basic_benchmarks.MediumPack.time_discharge_2cpu": 1638792699119, "basic_benchmarks.SmallPack.time_discharge_1cpu": 1638792710758, "basic_benchmarks.SmallPack.time_discharge_2cpu": 1638792720195, "benchmarks.TimeSuite.time_iterkeys": 1638792687249, "benchmarks.TimeSuite.time_keys": 1638792729791, "benchmarks.TimeSuite.time_range": 1638792729998, "benchmarks.MemSuite.mem_list": 1638792729733}, "ended_at": {"basic_benchmarks.BasicBenchmark.time_solve_model": 1638792465564, "basic_benchmarks.LargePack.time_discharge_1cpu": 1638792525737, "basic_benchmarks.LargePack.time_discharge_2cpu": 1638792585861, "basic_benchmarks.LargePack.time_long_cycle_2cpu": 1638792646039, "basic_benchmarks.MediumPack.time_discharge_1cpu": 1638792699119, "basic_benchmarks.MediumPack.time_discharge_2cpu": 1638792710758, "basic_benchmarks.SmallPack.time_discharge_1cpu": 1638792720194, "basic_benchmarks.SmallPack.time_discharge_2cpu": 1638792729732, "benchmarks.TimeSuite.time_iterkeys": 1638792687306, "benchmarks.TimeSuite.time_keys": 1638792729997, "benchmarks.TimeSuite.time_range": 1638792730204, "benchmarks.MemSuite.mem_list": 1638792729790}, "benchmark_version": {"basic_benchmarks.BasicBenchmark.time_solve_model": "504d1f6b7a47e6a660b9f73cea8cc8755e90bab404fe1be253da58b7c159f516", "basic_benchmarks.LargePack.time_discharge_1cpu": "f3c41752a78e553a10027f99091a6c7868bbb9cab79f64c458e1828027e5c36f", "basic_benchmarks.LargePack.time_discharge_2cpu": "037d50fea56607a6935651800e2ff9f0269cc084d5ac011f66f85382393ac9c9", "basic_benchmarks.LargePack.time_long_cycle_2cpu": "b01e3ade1db86867f2cd6769a78ee369d45d9f39ff9dce3e4c1d80a18796baaf", "basic_benchmarks.MediumPack.time_discharge_1cpu": "dba4570cb5ee39ec4ed717647dd1ffe9576286d811caefee873f114b3cbf2df9", "basic_benchmarks.MediumPack.time_discharge_2cpu": "ac21f1bc2133031222024e9b339973be7cd91c466140c0555b87b9ccb2b42b56", "basic_benchmarks.SmallPack.time_discharge_1cpu": "9823f59045a18884750c1c965a9b2e3e4a3e9f3f9a6ad9a840e20842f63b12b8", "basic_benchmarks.SmallPack.time_discharge_2cpu": "d216b7644b6678700b4d910ff6b0d6b025b0a433c6aff8194ab71aea22d15c73", "benchmarks.TimeSuite.time_iterkeys": "435552618e257984493fe7ec8599f14feace6164fd38fd5e52ba908e16460dc7", "benchmarks.TimeSuite.time_keys": "a8700d8a3cfd71fbba4d1369e0ddffef01717c428b7bea4cc829c5a1a0243ac0", "benchmarks.TimeSuite.time_range": "72a6802b5ba2270cc4af88ddbd67e3c44fe4f4c8b292257438a394167fbb158b", "benchmarks.MemSuite.mem_list": "abe86bab484550a681c61d7bb6eb081fbd37eb6d5009eba1df85c935530577b9"}, "version": 1}