{"results": {"basic_benchmarks.BasicBenchmark.time_solve_model": null, "basic_benchmarks.LargePack.time_discharge_1cpu": null, "basic_benchmarks.LargePack.time_discharge_2cpu": null, "basic_benchmarks.LargePack.time_long_cycle_2cpu": null, "basic_benchmarks.MediumPack.time_discharge_1cpu": {"result": [5.214143602499973], "stats": [{"ci_99": [3.913075077499059, 6.515212127500887], "q_25": 5.201132917249964, "q_75": 5.227154287749983, "min": 5.188122231999955, "max": 5.240164972999992, "mean": 5.214143602499973, "std": 0.026021370500018293, "repeat": 2, "number": 1}]}, "basic_benchmarks.MediumPack.time_discharge_2cpu": {"result": [3.581196726500025], "stats": [{"ci_99": [3.507313843297968, 3.657631654201989], "q_25": 3.5657645367500095, "q_75": 3.597904938499994, "min": 3.5464262839998355, "max": 3.621071258000029, "mean": 3.5824727487499786, "std": 0.027175122754952836, "repeat": 4, "number": 1}]}, "basic_benchmarks.SmallPack.time_discharge_1cpu": {"result": [1.4201515909999216], "stats": [{"ci_99": [1.3917574230000582, 1.4809336169998915], "q_25": 1.39499540274997, "q_75": 1.4620327812498886, "min": 1.3917574230000582, "max": 1.4809336169998915, "mean": 1.4291027029999555, "std": 0.03516697989874829, "repeat": 10, "number": 1}]}, "basic_benchmarks.SmallPack.time_discharge_2cpu": {"result": [1.435318430000052], "stats": [{"ci_99": [1.4051042719999032, 1.468129074999979], "q_25": 1.4080990817499526, "q_75": 1.4536118734998809, "min": 1.4051042719999032, "max": 1.468129074999979, "mean": 1.433469532899983, "std": 0.024280861782706217, "repeat": 10, "number": 1}]}, "benchmarks.TimeSuite.time_iterkeys": null, "benchmarks.TimeSuite.time_keys": {"result": [6.584393408533149e-06], "stats": [{"ci_99": [6.4543117577161295e-06, 9.493130047566046e-06], "q_25": 6.455395635436352e-06, "q_75": 6.849322001209923e-06, "min": 6.4543117577161295e-06, "max": 9.493130047566046e-06, "mean": 6.928033076028905e-06, "std": 8.84454751043188e-07, "repeat": 10, "number": 1684}]}, "benchmarks.TimeSuite.time_range": {"result": [3.05818640347417e-05], "stats": [{"ci_99": [3.0369722222206543e-05, 3.150221637401716e-05], "q_25": 3.0515193713444213e-05, "q_75": 3.0666662280775564e-05, "min": 3.0369722222206543e-05, "max": 3.150221637401716e-05, "mean": 3.067177894731606e-05, "std": 3.0210960025677304e-07, "repeat": 10, "number": 342}]}, "benchmarks.MemSuite.mem_list": 2104}, "params": {"machine": "GitHubRunner", "python": "3.8"}, "requirements": {}, "commit_hash": "e07960520e9b390c75fc7b97c9f03af2c589a26f", "date": 1637845927000, "env_name": "virtualenv-py3.8", "python": "3.8", "profiles": {}, "started_at": {"basic_benchmarks.BasicBenchmark.time_solve_model": 1638792738976, "basic_benchmarks.LargePack.time_discharge_1cpu": 1638792739434, "basic_benchmarks.LargePack.time_discharge_2cpu": 1638792799593, "basic_benchmarks.LargePack.time_long_cycle_2cpu": 1638792859726, "basic_benchmarks.MediumPack.time_discharge_1cpu": 1638792961234, "basic_benchmarks.MediumPack.time_discharge_2cpu": 1638792972278, "basic_benchmarks.SmallPack.time_discharge_1cpu": 1638792983614, "basic_benchmarks.SmallPack.time_discharge_2cpu": 1638792993102, "benchmarks.TimeSuite.time_iterkeys": 1638792960761, "benchmarks.TimeSuite.time_keys": 1638793002648, "benchmarks.TimeSuite.time_range": 1638793002854, "benchmarks.MemSuite.mem_list": 1638793002590}, "ended_at": {"basic_benchmarks.BasicBenchmark.time_solve_model": 1638792739434, "basic_benchmarks.LargePack.time_discharge_1cpu": 1638792799593, "basic_benchmarks.LargePack.time_discharge_2cpu": 1638792859726, "basic_benchmarks.LargePack.time_long_cycle_2cpu": 1638792919902, "basic_benchmarks.MediumPack.time_discharge_1cpu": 1638792972277, "basic_benchmarks.MediumPack.time_discharge_2cpu": 1638792983613, "basic_benchmarks.SmallPack.time_discharge_1cpu": 1638792993101, "basic_benchmarks.SmallPack.time_discharge_2cpu": 1638793002589, "benchmarks.TimeSuite.time_iterkeys": 1638792960818, "benchmarks.TimeSuite.time_keys": 1638793002853, "benchmarks.TimeSuite.time_range": 1638793003060, "benchmarks.MemSuite.mem_list": 1638793002647}, "benchmark_version": {"basic_benchmarks.BasicBenchmark.time_solve_model": "504d1f6b7a47e6a660b9f73cea8cc8755e90bab404fe1be253da58b7c159f516", "basic_benchmarks.LargePack.time_discharge_1cpu": "f3c41752a78e553a10027f99091a6c7868bbb9cab79f64c458e1828027e5c36f", "basic_benchmarks.LargePack.time_discharge_2cpu": "037d50fea56607a6935651800e2ff9f0269cc084d5ac011f66f85382393ac9c9", "basic_benchmarks.LargePack.time_long_cycle_2cpu": "b01e3ade1db86867f2cd6769a78ee369d45d9f39ff9dce3e4c1d80a18796baaf", "basic_benchmarks.MediumPack.time_discharge_1cpu": "dba4570cb5ee39ec4ed717647dd1ffe9576286d811caefee873f114b3cbf2df9", "basic_benchmarks.MediumPack.time_discharge_2cpu": "ac21f1bc2133031222024e9b339973be7cd91c466140c0555b87b9ccb2b42b56", "basic_benchmarks.SmallPack.time_discharge_1cpu": "9823f59045a18884750c1c965a9b2e3e4a3e9f3f9a6ad9a840e20842f63b12b8", "basic_benchmarks.SmallPack.time_discharge_2cpu": "d216b7644b6678700b4d910ff6b0d6b025b0a433c6aff8194ab71aea22d15c73", "benchmarks.TimeSuite.time_iterkeys": "435552618e257984493fe7ec8599f14feace6164fd38fd5e52ba908e16460dc7", "benchmarks.TimeSuite.time_keys": "a8700d8a3cfd71fbba4d1369e0ddffef01717c428b7bea4cc829c5a1a0243ac0", "benchmarks.TimeSuite.time_range": "72a6802b5ba2270cc4af88ddbd67e3c44fe4f4c8b292257438a394167fbb158b", "benchmarks.MemSuite.mem_list": "abe86bab484550a681c61d7bb6eb081fbd37eb6d5009eba1df85c935530577b9"}, "version": 1}