{"results": {"basic_benchmarks.BasicBenchmark.time_solve_model": {"result": [0.6305021840000791], "stats": [{"ci_99": [0.617178388000184, 0.6331740280002123], "q_25": 0.6208466494999243, "q_75": 0.6314320892498699, "min": 0.617178388000184, "max": 0.6331740280002123, "mean": 0.6266743524000503, "std": 0.006108979357827402, "repeat": 10, "number": 1}]}, "basic_benchmarks.LargePack.time_discharge_1cpu": {"result": [7.5863408985001115], "stats": [{"ci_99": [7.265136623503622, 7.907545173496601], "q_25": 7.583128855750147, "q_75": 7.589552941250076, "min": 7.579916813000182, "max": 7.592764984000041, "mean": 7.5863408985001115, "std": 0.006424085499929788, "repeat": 2, "number": 1}]}, "basic_benchmarks.LargePack.time_discharge_2cpu": {"result": [4.8643313860000035], "stats": [{"ci_99": [4.778360706260431, 4.972286115072969], "q_25": 4.862604539000017, "q_75": 4.882546270000034, "min": 4.860877692000031, "max": 4.900761154000065, "mean": 4.8753234106667, "std": 0.01804237770697999, "repeat": 3, "number": 1}]}, "basic_benchmarks.LargePack.time_long_cycle_2cpu": null, "basic_benchmarks.MediumPack.time_discharge_1cpu": {"result": [4.337176362500031], "stats": [{"ci_99": [4.284652314785314, 4.38551391321443], "q_25": 4.3205743837499995, "q_75": 4.351685092749904, "min": 4.313128736999715, "max": 4.352850993999709, "mean": 4.335083113999872, "std": 0.017358066266548348, "repeat": 4, "number": 1}]}, "basic_benchmarks.MediumPack.time_discharge_2cpu": {"result": [2.963163590000022], "stats": [{"ci_99": [2.947132758944493, 2.9908365890000823], "q_25": 2.958888938999962, "q_75": 2.9785179264999897, "min": 2.9541995780000434, "max": 2.9908365890000823, "mean": 2.9687439068333483, "std": 0.013449366645187623, "repeat": 6, "number": 1}]}, "basic_benchmarks.SmallPack.time_discharge_1cpu": {"result": [1.1969741565001186], "stats": [{"ci_99": [1.1938956810004129, 1.2040721749999648], "q_25": 1.1953195854999876, "q_75": 1.200311410499694, "min": 1.1938956810004129, "max": 1.2040721749999648, "mean": 1.1981917522000458, "std": 0.0034653522702820993, "repeat": 10, "number": 1}]}, "basic_benchmarks.SmallPack.time_discharge_2cpu": {"result": [1.2112116754999533], "stats": [{"ci_99": [1.203362196999933, 1.2195811910000884], "q_25": 1.2095608230000607, "q_75": 1.2131294922501183, "min": 1.203362196999933, "max": 1.2195811910000884, "mean": 1.2114341234000676, "std": 0.003967032511370113, "repeat": 10, "number": 1}]}, "benchmarks.TimeSuite.time_iterkeys": null, "benchmarks.TimeSuite.time_keys": {"result": [5.238180892289654e-06], "stats": [{"ci_99": [5.153981086414779e-06, 5.260110087340937e-06], "q_25": 5.169694107646171e-06, "q_75": 5.2468708777494e-06, "min": 5.153981086414779e-06, "max": 5.260110087340937e-06, "mean": 5.215804267680972e-06, "std": 4.1904339231612154e-08, "repeat": 10, "number": 2062}]}, "benchmarks.TimeSuite.time_range": {"result": [2.4289550335565694e-05], "stats": [{"ci_99": [2.4130082774250203e-05, 2.4392868009441084e-05], "q_25": 2.419238758366334e-05, "q_75": 2.4354555368367482e-05, "min": 2.4130082774250203e-05, "max": 2.4392868009441084e-05, "mean": 2.4274316330950012e-05, "std": 9.461922770251465e-08, "repeat": 10, "number": 447}]}, "benchmarks.MemSuite.mem_list": 2104}, "params": {"machine": "GitHubRunner", "python": "3.8"}, "requirements": {}, "commit_hash": "e07960520e9b390c75fc7b97c9f03af2c589a26f", "date": 1637845927000, "env_name": "virtualenv-py3.8", "python": "3.8", "profiles": {}, "started_at": {"basic_benchmarks.BasicBenchmark.time_solve_model": 1638809073422, "basic_benchmarks.LargePack.time_discharge_1cpu": 1638809078901, "basic_benchmarks.LargePack.time_discharge_2cpu": 1638809094862, "basic_benchmarks.LargePack.time_long_cycle_2cpu": 1638808426139, "basic_benchmarks.MediumPack.time_discharge_1cpu": 1638809105395, "basic_benchmarks.MediumPack.time_discharge_2cpu": 1638809119097, "basic_benchmarks.SmallPack.time_discharge_1cpu": 1638809131785, "basic_benchmarks.SmallPack.time_discharge_2cpu": 1638809139818, "benchmarks.TimeSuite.time_iterkeys": 1638809072955, "benchmarks.TimeSuite.time_keys": 1638809148005, "benchmarks.TimeSuite.time_range": 1638809148211, "benchmarks.MemSuite.mem_list": 1638809147899}, "ended_at": {"basic_benchmarks.BasicBenchmark.time_solve_model": 1638809078899, "basic_benchmarks.LargePack.time_discharge_1cpu": 1638809094862, "basic_benchmarks.LargePack.time_discharge_2cpu": 1638809105394, "basic_benchmarks.LargePack.time_long_cycle_2cpu": 1638809027021, "basic_benchmarks.MediumPack.time_discharge_1cpu": 1638809119097, "basic_benchmarks.MediumPack.time_discharge_2cpu": 1638809131784, "basic_benchmarks.SmallPack.time_discharge_1cpu": 1638809139817, "basic_benchmarks.SmallPack.time_discharge_2cpu": 1638809147899, "benchmarks.TimeSuite.time_iterkeys": 1638809073010, "benchmarks.TimeSuite.time_keys": 1638809148211, "benchmarks.TimeSuite.time_range": 1638809148417, "benchmarks.MemSuite.mem_list": 1638809148005}, "benchmark_version": {"basic_benchmarks.BasicBenchmark.time_solve_model": "21dc88971553291c844a81300eeac2ae53f86ef7781bdb26086d1d57d88c8cec", "basic_benchmarks.LargePack.time_discharge_1cpu": "5a2756f3bebd1d0e37e074eb74a0bca10c9ce960ed21316ad26e9583a10353f8", "basic_benchmarks.LargePack.time_discharge_2cpu": "f19047f1071beb2e16eb288e9a2cb14f4b91fca1dd10a3dbe5c68078a908886d", "basic_benchmarks.LargePack.time_long_cycle_2cpu": "886173c7f314c25dcd319de5a644065b170ce4fe889082fb1ebcead737f35d99", "basic_benchmarks.MediumPack.time_discharge_1cpu": "b8aa492ab12a8aba37625a5c0deae1c109def02877ec79681d996a7f77cc595c", "basic_benchmarks.MediumPack.time_discharge_2cpu": "850ba37f55027bfd05992888284a51f0f34d93dcdd99053c957faf34e763a327", "basic_benchmarks.SmallPack.time_discharge_1cpu": "07ba66cea19ff93b549ef21d8e3a0e9282b00d59822764eb1b4ac75f74a0d9c9", "basic_benchmarks.SmallPack.time_discharge_2cpu": "7d2cd2d77443c50c3db4ed879be8a6cc5ece070ec744f5ce5778304a5f2f1f27", "benchmarks.TimeSuite.time_iterkeys": "435552618e257984493fe7ec8599f14feace6164fd38fd5e52ba908e16460dc7", "benchmarks.TimeSuite.time_keys": "a8700d8a3cfd71fbba4d1369e0ddffef01717c428b7bea4cc829c5a1a0243ac0", "benchmarks.TimeSuite.time_range": "72a6802b5ba2270cc4af88ddbd67e3c44fe4f4c8b292257438a394167fbb158b", "benchmarks.MemSuite.mem_list": "abe86bab484550a681c61d7bb6eb081fbd37eb6d5009eba1df85c935530577b9"}, "version": 1}