{"results": {"basic_benchmarks.BasicBenchmark.time_solve_model": {"result": [0.5938917859999862], "stats": [{"ci_99": [0.5472784819999958, 0.6358019499999727], "q_25": 0.5581901429999974, "q_75": 0.6296377782500144, "min": 0.5472784819999958, "max": 0.6358019499999727, "mean": 0.5927165661999837, "std": 0.03592989188389813, "repeat": 10, "number": 1}]}, "basic_benchmarks.LargePack.time_discharge_1cpu": {"result": [7.424694850500032], "stats": [{"ci_99": [-13.402792274501167, 28.252181975501212], "q_25": 7.21641997925002, "q_75": 7.632969721750044, "min": 7.008145108000008, "max": 7.841244593000056, "mean": 7.424694850500032, "std": 0.41654974250002397, "repeat": 2, "number": 1}]}, "basic_benchmarks.LargePack.time_discharge_2cpu": {"result": [4.618603836500014], "stats": [{"ci_99": [4.47743603393865, 4.757869784061365], "q_25": 4.594368811250014, "q_75": 4.641887934250008, "min": 4.543351367000014, "max": 4.690052595999987, "mean": 4.617652909000007, "std": 0.0521266853837815, "repeat": 4, "number": 1}]}, "basic_benchmarks.LargePack.time_long_cycle_2cpu": null, "basic_benchmarks.MediumPack.time_discharge_1cpu": {"result": [4.140523640999959], "stats": [{"ci_99": [3.2393217713563107, 5.255197835310239], "q_25": 4.115905101499948, "q_75": 4.325246423999943, "min": 4.091286561999937, "max": 4.509969206999926, "mean": 4.247259803333274, "std": 0.1868479695158245, "repeat": 3, "number": 1}]}, "basic_benchmarks.MediumPack.time_discharge_2cpu": {"result": [3.0139828105000106], "stats": [{"ci_99": [2.8110135560000344, 3.098943542906535], "q_25": 2.9417007687499677, "q_75": 3.033808871999952, "min": 2.8110135560000344, "max": 3.0459940779999215, "mean": 2.973832928166644, "std": 0.08344993637830105, "repeat": 6, "number": 1}]}, "basic_benchmarks.SmallPack.time_discharge_1cpu": {"result": [1.194654028499997], "stats": [{"ci_99": [1.1901665010000215, 1.200639125000066], "q_25": 1.1913882547499952, "q_75": 1.196046018249973, "min": 1.1901665010000215, "max": 1.200639125000066, "mean": 1.1943044305999932, "std": 0.003124127447894401, "repeat": 10, "number": 1}]}, "basic_benchmarks.SmallPack.time_discharge_2cpu": {"result": [1.207649446000005], "stats": [{"ci_99": [1.200345384000002, 1.2119536310000285], "q_25": 1.203196823499951, "q_75": 1.2101166255000066, "min": 1.200345384000002, "max": 1.2119536310000285, "mean": 1.2065374261000101, "std": 0.004077608397708697, "repeat": 10, "number": 1}]}, "benchmarks.TimeSuite.time_iterkeys": null, "benchmarks.TimeSuite.time_keys": {"result": [5.566245976407584e-06], "stats": [{"ci_99": [5.221715128760389e-06, 5.915176502173982e-06], "q_25": 5.238654506462541e-06, "q_75": 5.8956618830573425e-06, "min": 5.221715128760389e-06, "max": 5.915176502173982e-06, "mean": 5.568676394855291e-06, "std": 3.3171523386482146e-07, "repeat": 10, "number": 1864}]}, "benchmarks.TimeSuite.time_range": {"result": [2.406455901998171e-05], "stats": [{"ci_99": [2.3983935411939568e-05, 2.4299746102500453e-05], "q_25": 2.406066091328311e-05, "q_75": 2.413599276173843e-05, "min": 2.3983935411939568e-05, "max": 2.4299746102500453e-05, "mean": 2.410299866370833e-05, "std": 9.11771920683246e-08, "repeat": 10, "number": 449}]}, "benchmarks.MemSuite.mem_list": 2104}, "params": {"machine": "GitHubRunner", "python": "3.8"}, "requirements": {}, "commit_hash": "e08d6707d6ea755b604c65e67d5dfefede666be4", "date": 1638815530000, "env_name": "virtualenv-py3.8", "python": "3.8", "profiles": {}, "started_at": {"basic_benchmarks.BasicBenchmark.time_solve_model": 1638847468121, "basic_benchmarks.LargePack.time_discharge_1cpu": 1638847473638, "basic_benchmarks.LargePack.time_discharge_2cpu": 1638847490092, "basic_benchmarks.LargePack.time_long_cycle_2cpu": 1638846823243, "basic_benchmarks.MediumPack.time_discharge_1cpu": 1638847504835, "basic_benchmarks.MediumPack.time_discharge_2cpu": 1638847517731, "basic_benchmarks.SmallPack.time_discharge_1cpu": 1638847530620, "basic_benchmarks.SmallPack.time_discharge_2cpu": 1638847538550, "benchmarks.TimeSuite.time_iterkeys": 1638847467652, "benchmarks.TimeSuite.time_keys": 1638847546637, "benchmarks.TimeSuite.time_range": 1638847546843, "benchmarks.MemSuite.mem_list": 1638847546532}, "ended_at": {"basic_benchmarks.BasicBenchmark.time_solve_model": 1638847473632, "basic_benchmarks.LargePack.time_discharge_1cpu": 1638847490091, "basic_benchmarks.LargePack.time_discharge_2cpu": 1638847504834, "basic_benchmarks.LargePack.time_long_cycle_2cpu": 1638847424179, "basic_benchmarks.MediumPack.time_discharge_1cpu": 1638847517730, "basic_benchmarks.MediumPack.time_discharge_2cpu": 1638847530619, "basic_benchmarks.SmallPack.time_discharge_1cpu": 1638847538550, "basic_benchmarks.SmallPack.time_discharge_2cpu": 1638847546532, "benchmarks.TimeSuite.time_iterkeys": 1638847467707, "benchmarks.TimeSuite.time_keys": 1638847546842, "benchmarks.TimeSuite.time_range": 1638847547048, "benchmarks.MemSuite.mem_list": 1638847546637}, "benchmark_version": {"basic_benchmarks.BasicBenchmark.time_solve_model": "21dc88971553291c844a81300eeac2ae53f86ef7781bdb26086d1d57d88c8cec", "basic_benchmarks.LargePack.time_discharge_1cpu": "5a2756f3bebd1d0e37e074eb74a0bca10c9ce960ed21316ad26e9583a10353f8", "basic_benchmarks.LargePack.time_discharge_2cpu": "f19047f1071beb2e16eb288e9a2cb14f4b91fca1dd10a3dbe5c68078a908886d", "basic_benchmarks.LargePack.time_long_cycle_2cpu": "886173c7f314c25dcd319de5a644065b170ce4fe889082fb1ebcead737f35d99", "basic_benchmarks.MediumPack.time_discharge_1cpu": "b8aa492ab12a8aba37625a5c0deae1c109def02877ec79681d996a7f77cc595c", "basic_benchmarks.MediumPack.time_discharge_2cpu": "850ba37f55027bfd05992888284a51f0f34d93dcdd99053c957faf34e763a327", "basic_benchmarks.SmallPack.time_discharge_1cpu": "07ba66cea19ff93b549ef21d8e3a0e9282b00d59822764eb1b4ac75f74a0d9c9", "basic_benchmarks.SmallPack.time_discharge_2cpu": "7d2cd2d77443c50c3db4ed879be8a6cc5ece070ec744f5ce5778304a5f2f1f27", "benchmarks.TimeSuite.time_iterkeys": "435552618e257984493fe7ec8599f14feace6164fd38fd5e52ba908e16460dc7", "benchmarks.TimeSuite.time_keys": "a8700d8a3cfd71fbba4d1369e0ddffef01717c428b7bea4cc829c5a1a0243ac0", "benchmarks.TimeSuite.time_range": "72a6802b5ba2270cc4af88ddbd67e3c44fe4f4c8b292257438a394167fbb158b", "benchmarks.MemSuite.mem_list": "abe86bab484550a681c61d7bb6eb081fbd37eb6d5009eba1df85c935530577b9"}, "version": 1}