{"results": {"basic_benchmarks.BasicBenchmark.time_solve_model": {"result": [0.624649616499994], "stats": [{"ci_99": [0.6136496610000108, 0.636214238999969], "q_25": 0.6206450965000272, "q_75": 0.632433770749941, "min": 0.6136496610000108, "max": 0.636214238999969, "mean": 0.6252264946999958, "std": 0.007647534000110147, "repeat": 10, "number": 1}]}, "basic_benchmarks.LargePack.time_discharge_1cpu": {"result": [7.8436628409999685], "stats": [{"ci_99": [5.715048441001272, 9.972277240998663], "q_25": 7.8223766969999815, "q_75": 7.864948984999955, "min": 7.8010905529999945, "max": 7.886235128999942, "mean": 7.8436628409999685, "std": 0.04257228799997392, "repeat": 2, "number": 1}]}, "basic_benchmarks.LargePack.time_discharge_2cpu": {"result": [5.0161716214999785], "stats": [{"ci_99": [4.125527046501389, 5.906816196498567], "q_25": 5.007265175749993, "q_75": 5.025078067249964, "min": 4.998358730000007, "max": 5.03398451299995, "mean": 5.0161716214999785, "std": 0.017812891499971784, "repeat": 2, "number": 1}]}, "basic_benchmarks.LargePack.time_long_cycle_2cpu": null, "basic_benchmarks.MediumPack.time_discharge_1cpu": {"result": [4.51541997749996], "stats": [{"ci_99": [4.476812807715902, 4.563442941784018], "q_25": 4.506198703749931, "q_75": 4.529349148499989, "min": 4.50600644799988, "max": 4.543665096000041, "mean": 4.52012787474996, "std": 0.015535863937320569, "repeat": 4, "number": 1}]}, "basic_benchmarks.MediumPack.time_discharge_2cpu": {"result": [3.0940317820000587], "stats": [{"ci_99": [3.0567101470636566, 3.132505926936344], "q_25": 3.07783286924996, "q_75": 3.114735464000006, "min": 3.0629054109999743, "max": 3.1226093239999955, "mean": 3.0946080370000004, "std": 0.02212205583719745, "repeat": 6, "number": 1}]}, "basic_benchmarks.SmallPack.time_discharge_1cpu": {"result": [1.203680360500016], "stats": [{"ci_99": [1.1980334790000597, 1.2060752390000289], "q_25": 1.2012415535000969, "q_75": 1.205144851249969, "min": 1.1980334790000597, "max": 1.2060752390000289, "mean": 1.2031096855000214, "std": 0.0025264785714459587, "repeat": 10, "number": 1}]}, "basic_benchmarks.SmallPack.time_discharge_2cpu": {"result": [1.2135499990000085], "stats": [{"ci_99": [1.2066245450000679, 1.2227143039999646], "q_25": 1.2105181082501417, "q_75": 1.215454680250076, "min": 1.2066245450000679, "max": 1.2227143039999646, "mean": 1.2135183848000224, "std": 0.004247065372258536, "repeat": 10, "number": 1}]}, "benchmarks.TimeSuite.time_iterkeys": null, "benchmarks.TimeSuite.time_keys": {"result": [5.223723011348089e-06], "stats": [{"ci_99": [5.1902708333507306e-06, 5.2899881628554866e-06], "q_25": 5.193313328562729e-06, "q_75": 5.278778290767666e-06, "min": 5.1902708333507306e-06, "max": 5.2899881628554866e-06, "mean": 5.2346228693124456e-06, "std": 4.264156783971129e-08, "repeat": 10, "number": 2112}]}, "benchmarks.TimeSuite.time_range": {"result": [2.4204932735440222e-05], "stats": [{"ci_99": [2.410728699530487e-05, 2.4242264574051187e-05], "q_25": 2.4161937780161073e-05, "q_75": 2.4225560538053236e-05, "min": 2.410728699530487e-05, "max": 2.4242264574051187e-05, "mean": 2.4194371973043105e-05, "std": 4.248901221718288e-08, "repeat": 10, "number": 446}]}, "benchmarks.MemSuite.mem_list": 2104}, "params": {"machine": "GitHubRunner", "python": "3.8"}, "requirements": {}, "commit_hash": "e8c58decde526f66863f9919c7e71af25155e17d", "date": 1638801501000, "env_name": "virtualenv-py3.8", "python": "3.8", "profiles": {}, "started_at": {"basic_benchmarks.BasicBenchmark.time_solve_model": 1638807534056, "basic_benchmarks.LargePack.time_discharge_1cpu": 1638807539639, "basic_benchmarks.LargePack.time_discharge_2cpu": 1638807556203, "basic_benchmarks.LargePack.time_long_cycle_2cpu": 1638806885655, "basic_benchmarks.MediumPack.time_discharge_1cpu": 1638807567039, "basic_benchmarks.MediumPack.time_discharge_2cpu": 1638807581244, "basic_benchmarks.SmallPack.time_discharge_1cpu": 1638807594383, "basic_benchmarks.SmallPack.time_discharge_2cpu": 1638807602416, "benchmarks.TimeSuite.time_iterkeys": 1638807533585, "benchmarks.TimeSuite.time_keys": 1638807610653, "benchmarks.TimeSuite.time_range": 1638807610860, "benchmarks.MemSuite.mem_list": 1638807610498}, "ended_at": {"basic_benchmarks.BasicBenchmark.time_solve_model": 1638807539635, "basic_benchmarks.LargePack.time_discharge_1cpu": 1638807556202, "basic_benchmarks.LargePack.time_discharge_2cpu": 1638807567039, "basic_benchmarks.LargePack.time_long_cycle_2cpu": 1638807486490, "basic_benchmarks.MediumPack.time_discharge_1cpu": 1638807581244, "basic_benchmarks.MediumPack.time_discharge_2cpu": 1638807594383, "basic_benchmarks.SmallPack.time_discharge_1cpu": 1638807602415, "basic_benchmarks.SmallPack.time_discharge_2cpu": 1638807610497, "benchmarks.TimeSuite.time_iterkeys": 1638807533641, "benchmarks.TimeSuite.time_keys": 1638807610859, "benchmarks.TimeSuite.time_range": 1638807611065, "benchmarks.MemSuite.mem_list": 1638807610653}, "benchmark_version": {"basic_benchmarks.BasicBenchmark.time_solve_model": "21dc88971553291c844a81300eeac2ae53f86ef7781bdb26086d1d57d88c8cec", "basic_benchmarks.LargePack.time_discharge_1cpu": "5a2756f3bebd1d0e37e074eb74a0bca10c9ce960ed21316ad26e9583a10353f8", "basic_benchmarks.LargePack.time_discharge_2cpu": "f19047f1071beb2e16eb288e9a2cb14f4b91fca1dd10a3dbe5c68078a908886d", "basic_benchmarks.LargePack.time_long_cycle_2cpu": "886173c7f314c25dcd319de5a644065b170ce4fe889082fb1ebcead737f35d99", "basic_benchmarks.MediumPack.time_discharge_1cpu": "b8aa492ab12a8aba37625a5c0deae1c109def02877ec79681d996a7f77cc595c", "basic_benchmarks.MediumPack.time_discharge_2cpu": "850ba37f55027bfd05992888284a51f0f34d93dcdd99053c957faf34e763a327", "basic_benchmarks.SmallPack.time_discharge_1cpu": "07ba66cea19ff93b549ef21d8e3a0e9282b00d59822764eb1b4ac75f74a0d9c9", "basic_benchmarks.SmallPack.time_discharge_2cpu": "7d2cd2d77443c50c3db4ed879be8a6cc5ece070ec744f5ce5778304a5f2f1f27", "benchmarks.TimeSuite.time_iterkeys": "435552618e257984493fe7ec8599f14feace6164fd38fd5e52ba908e16460dc7", "benchmarks.TimeSuite.time_keys": "a8700d8a3cfd71fbba4d1369e0ddffef01717c428b7bea4cc829c5a1a0243ac0", "benchmarks.TimeSuite.time_range": "72a6802b5ba2270cc4af88ddbd67e3c44fe4f4c8b292257438a394167fbb158b", "benchmarks.MemSuite.mem_list": "abe86bab484550a681c61d7bb6eb081fbd37eb6d5009eba1df85c935530577b9"}, "version": 1}